height,block_hash,header_hex,version,previous_block_hash,merkle_root,timestamp,bits,nonce,x1331_l1,x1331_l2,x1331_l3,x1331_l4,x1331_l5,x1331_l6,x1331_l7,x1331_l8,x1331_l9,x1331_l10,x1331_l11,verified
890000,00000000000000000001f49fb5fb37753c06d78f1a811d707aebf6194bb147e5,00a0e925789d369c20917de699ca351b768b04c3f862b287fc3e000000000000000000007d7e8a1bbdfa502458222d4b3bc0357de2e6558f8a6a0ebbd3a02a3a653ee5d2dd2de8676c7902173f21cc4b,636067840,000000000000000000003efc87b262f8c3048b761b35ca99e67d91209c369d78,d2e53e653a2aa0d3bb0e6a8a8f55e6e27d35c03b4b2d22582450fabd1b8a7e7d,1743269341,386038124,1271669055,010,010,111,100,110,000,100,001,001,111,011,true
890001,0000000000000000000206a67d954c5f39fa753c078d156c02cd5bfe479eb5d8,00609a22e547b14b19f6eb7a701d811a8fd7063c7537fbb59ff40100000000000000000004c2fe90612bb736b62a9933508c4f7b31a0dccf535623feb0e00ada008b8521cd30e8676c7902175e0686c1,580542464,00000000000000000001f49fb5fb37753c06d78f1a811d707aebf6194bb147e5,21858b00da0ae0b0fe235653cfdca0317b4f8c5033992ab636b72b6190fec204,1743270093,386038124,3246786142,110,000,011,000,011,000,000,110,010,111,010,true
890002,000000000000000000016d29a382ce846ecc50a3cb18ccc55a68ec52496c5cb4,00601520d8b59e47fe5bcd026c158d073c75fa395f4c957da6060200000000000000000035a186807d96f3f663d02b4849944a1a7dfa47c963cc0d746ed927acb90daedb7933e8676c79021725dc38f7,538271744,0000000000000000000206a67d954c5f39fa753c078d156c02cd5bfe479eb5d8,dbae0db9ac27d96e740dcc63c947fa7d1a4a9449482bd063f6f3967d8086a135,1743270777,386038124,4147698725,111,101,110,011,100,011,011,100,001,001,001,true
890003,000000000000000000004ed7ca514b1c413af649dd8861d5c64a449b55dd9ecb,0060f924b45c6c4952ec685ac5cc18cba350cc6e84ce82a3296d0100000000000000000074dc840487d9025f2fb25531a4fb2ae460da14e7bd73c751a8f7419d42932f028736e8676c7902173d6be42b,620322816,000000000000000000016d29a382ce846ecc50a3cb18ccc55a68ec52496c5cb4,022f93429d41f7a851c773bde714da60e42afba43155b22f5f02d9870484dc74,1743271559,386038124,736389949,001,010,111,110,010,001,101,011,001,111,001,true
890004,000000000000000000024ccc26616540c73e174cc43d244518f5794d1a5d33e4,00a0d021cb9edd559b444ac6d56188dd49f63a411c4b51cad74e00000000000000000000f500ea36c927cc7d7251dc69bde3a05b86d9a4ed1b8b926c48fd72f4a0df9d06b63fe8676c7902177e6ea77a,567320576,000000000000000000004ed7ca514b1c413af649dd8861d5c64a449b55dd9ecb,069ddfa0f472fd486c928b1beda4d9865ba0e3bd69dc51727dcc27c936ea00f5,1743273910,386038124,2057793150,011,110,101,010,011,101,101,110,011,111,010,true
890005,0000000000000000000027968a54587e12350735cf78c55683bef699170a4cce,00e0412de4335d1a4d79f51845243dc44c173ec740656126cc4c02000000000000000000921196b3996c219cb77274327e63a3742f0bed75e41be055791ee421e2abc29b6b46e8676c790217311cbe1b,759291904,000000000000000000024ccc26616540c73e174cc43d244518f5794d1a5d33e4,9bc2abe221e41e7955e01be475ed0b2f74a3637e327472b79c216c99b3961192,1743275627,386038124,465443889,000,110,111,011,111,000,011,100,001,100,001,true
890006,00000000000000000001dfe40134b24179337210023e889d0959c5bed3125e9a,00801125ce4c0a1799f6be8356c578cf350735127e58548a962700000000000000000000adbb2fbbecea1703fd8f543ddae95838c1892a54c07ae87eab5f9164dec71f56be46e8676c790217cb183a5b,621903872,0000000000000000000027968a54587e12350735cf78c55683bef699170a4cce,561fc7de64915fab7ee87ac0542a89c13858e9da3d548ffd0317eaecbb2fbbad,1743275710,386038124,1530534091,010,110,110,011,101,000,011,000,110,010,011,true
890007,00000000000000000001cf386abc85d4a168996329e387bc3979351eafd459eb,006072269a5e12d3bec559099d883e021072337941b23401e4df010000000000000000000fafa2acb03afae2681a85b2cc51cac41d9bea52f0b9515a40693fe361ccb7428247e8676c790217b8a685bf,645029888,00000000000000000001dfe40134b24179337210023e889d0959c5bed3125e9a,42b7cc61e33f69405a51b9f052ea9b1dc4ca51ccb2851a68e2fa3ab0aca2af0f,1743275906,386038124,3213207224,101,111,111,000,010,110,100,110,101,110,000,true
890008,00000000000000000001a0fca29e1fa5e44580ba7620c59af7f4275fbe2b357f,00a00123eb59d4af1e357939bc87e329639968a1d485bc6a38cf01000000000000000000602d2b958fdad238c14472391f27ef3d7ddc7de21a9d7bcb8fea081f28dbe18b1148e8676c7902170243f91a,587309056,00000000000000000001cf386abc85d4a168996329e387bc3979351eafd459eb,8be1db281f08ea8fcb7b9d1ae27ddc7d3def271f397244c138d2da8f952b2d60,1743276049,386038124,452543234,000,110,101,111,100,101,000,011,000,000,010,true
890009,000000000000000000000dcfb411e314c1f674b351bebcb2a4c51d00b5b39aae,00e057227f352bbe5f27f4f79ac52076ba8045e4a51f9ea2fca0010000000000000000007d2f3141c38e3c2b4d779f4a344ca3a6b21dd33b0528e2f74c108caafe72cb031549e8676c790217b10c750a,576184320,00000000000000000001a0fca29e1fa5e44580ba7620c59af7f4275fbe2b357f,03cb72feaa8c104cf7e228053bd31db2a6a34c344a9f774d2b3c8ec341312f7d,1743276309,386038124,175443121,000,010,100,111,010,100,001,100,101,100,001,true
890010,000000000000000000019336672e5421f6e0072ade3f1178411c9ae1299a80d0,00a00c20ae9ab3b5001dc5a4b2bcbe51b374f6c114e311b4cf0d000000000000000000008c3f3876df346273f981f887e1113adf5c95a03ae372ba9b792b7abba168c7d34449e8676c790217529124e8,537698304,000000000000000000000dcfb411e314c1f674b351bebcb2a4c51d00b5b39aae,d3c768a1bb7a2b799bba72e33aa0955cdf3a11e187f881f9736234df76383f8c,1743276356,386038124,3894710610,111,010,000,010,010,010,010,001,010,100,010,true
890011,000000000000000000017e07a6aeae026b85021b04fa2539961a9f073acaf6f5,00205d27d0809a29e19a1c4178113fde2a07e0f621542e67369301000000000000000000d8affa2456c2738950ad4f8cf57579c9b42e77de5e42e154f24ba5812e57f23fa74ce8676c7902170500cd84,660414464,000000000000000000019336672e5421f6e0072ade3f1178411c9ae1299a80d0,3ff2572e81a54bf254e1425ede772eb4c97975f58c4fad508973c25624faafd8,1743277223,386038124,2228027397,100,001,001,100,110,100,000,000,000,001,001,true
890012,000000000000000000001d5ad713f9be9420e8507ff9258bacb43855ab063917,00802620f5f6ca3a079f1a963925fa041b02856b02aeaea6077e01000000000000000000891991159ac4b6e082ea2cd271704dabf9b9afac8a72d24df45a387088329483af4de8676c7902173e35613f,539394048,000000000000000000017e07a6aeae026b85021b04fa2539961a9f073acaf6f5,8394328870385af44dd2728aacafb9f9ab4d7071d22cea82e0b6c49a15911989,1743277487,386038124,1063335230,001,111,110,110,000,100,110,101,001,111,010,true
890013,000000000000000000011e255c6a862ef239ddeefebfb94cbf79358ea546ed6d,00e0272b173906ab5538b4ac8b25f97f50e82094bef913d75a1d0000000000000000000070f908086ead01b9400fd255cfbeec435358cac217734f6d26a4c7491beeca887e50e8676c79021716fcc188,724033536,000000000000000000001d5ad713f9be9420e8507ff9258bacb43855ab063917,88caee1b49c7a4266d4f7317c2ca585343ecbecf55d20f40b901ad6e0808f970,1743278206,386038124,2294414358,100,010,001,100,000,111,111,100,000,101,010,true
890014,00000000000000000002641e41fadb38465ba30aebd0ca539d313f82c6a14782,006010336ded46a58e3579bf4cb9bffeeedd39f22e866a5c251e010000000000000000006da36e454d222136a991293f7130aa83da3442b9f9c0d147df5565a4a011a249c550e8676c7902178a46ebf4,856711168,000000000000000000011e255c6a862ef239ddeefebfb94cbf79358ea546ed6d,49a211a0a46555df47d1c0f9b94234da83aa30713f2991a93621224d456ea36d,1743278277,386038124,4109059722,111,101,001,110,101,101,000,110,100,010,010,true
890015,0000000000000000000267c89fddcab9ad52cccadce9ac89445449b2f32111d2,000000228247a1c6823f319d53cad0eb0aa35b4638dbfa411e640200000000000000000067420799701f4a554fb83fa6ffe58b56d769cf8bab21d37c4f2324ba3f755fcf3252e8676c790217c3da86c2,570425344,00000000000000000002641e41fadb38465ba30aebd0ca539d313f82c6a14782,cf5f753fba24234f7cd321ab8bcf69d7568be5ffa63fb84f554a1f7099074267,1743278642,386038124,3263617731,110,000,101,000,011,011,011,010,110,000,011,true
890016,000000000000000000007ac60839bf3059d40726b3539e4e057f4db3757dbeda,0000003cd21121f3b249544489ace9dccacc52adb9cadd9fc86702000000000000000000ca1f684b2269581ffa8ebcd4cda9c17d62680d68951cf8e2953bcc09d2bc8a6fa353e8676c790217da487413,1006632960,0000000000000000000267c89fddcab9ad52cccadce9ac89445449b2f32111d2,6f8abcd209cc3b95e2f81c95680d68627dc1a9cdd4bc8efa1f5869224b681fca,1743279011,386038124,326387930,000,100,110,111,010,001,001,000,110,110,010,true
890017,00000000000000000000da4f525c879554b7fa1d8ee7b7170b1b4ddc305caebc,00e03923dabe7d75b34d7f054e9e53b32607d45930bf3908c67a000000000000000000007163ea479ec8909e03dd013e7804c57d3cd1c00f4c2fbb2858911c98d0944f7e6a54e8676c790217337418f5,590995456,000000000000000000007ac60839bf3059d40726b3539e4e057f4db3757dbeda,7e4f94d0981c915828bb2f4c0fc0d13c7dc504783e01dd039e90c89e47ea6371,1743279210,386038124,4112020531,111,101,010,001,100,001,110,100,001,100,011,true
890018,00000000000000000000c91a40c9ac070b78145dc102a237def9bc8fe76aabb2,00008020bcae5c30dc4d1b0b17b7e78e1dfab75495875c524fda0000000000000000000008dc0a57a9993152a50e394a008e9d8b17e6bedf16e8b3bfbac95327546393c87f55e8676c790217685e70f7,545259520,00000000000000000000da4f525c879554b7fa1d8ee7b7170b1b4ddc305caebc,c89363542753c9babfb3e816dfbee6178b9d8e004a390ea5523199a9570adc08,1743279487,386038124,4151336552,111,101,110,111,000,001,011,110,011,010,000,true
890019,0000000000000000000081ce1b7c97db9383bdc1366898d84d5f38d94df95ac1,00a0ef32b2ab6ae78fbcf9de37a202c15d14780b07acc9401ac900000000000000000000ff078216748e1cf3028a2725a63a2ec5d4d1fe28d618c11f430393d768d7d1e1e355e8676c7902178f32934f,854564864,00000000000000000000c91a40c9ac070b78145dc102a237def9bc8fe76aabb2,e1d1d768d79303431fc118d628fed1d4c52e3aa625278a02f31c8e74168207ff,1743279587,386038124,1335046799,010,011,111,001,001,100,110,010,100,011,011,true
890020,0000000000000000000107e34dc046f8b8badbdc07d36473fcc350e1bcf731ef,00000028c15af94dd9385f4dd8986836c1bd8393db977c1bce81000000000000000000000ec7cf85f596547c020716765da6348c3243c0cc6f3bf7010577c890789291f35456e8676c7902174710c825,671088640,0000000000000000000081ce1b7c97db9383bdc1366898d84d5f38d94df95ac1,f391927890c8770501f73b6fccc043328c34a65d761607027c5496f585cfc70e,1743279700,386038124,633868359,001,001,011,100,100,000,010,000,010,001,011,true
890021,000000000000000000006ef13816b95ade6768b040d36ca58e0ac95bc60a096d,00a00620ef31f7bce150c3fc7364d307dcdbbab8f846c04de3070100000000000000000097faddcad48f7c6dd0aa1cae4d7481261848feb7bffbcc07d3610423b369c7c15557e8676c79021761a7724f,537305088,0000000000000000000107e34dc046f8b8badbdc07d36473fcc350e1bcf731ef,c1c769b3230461d307ccfbbfb7fe48182681744dae1caad06d7c8fd4caddfa97,1743279957,386038124,1332914017,010,011,110,111,001,010,100,111,011,000,001,true
890022,000000000000000000015e337ca243a77fbbfe1a131585b802d0d2ba7ec88693,0000c0206d090ac65bc90a8ea56cd340b06867de5ab91638f16e00000000000000000000b709deb14efa0ee084e3fed419ad3febb080693e03eae31baee178710488ff5aed5be8676c7902170cd6414b,549453824,000000000000000000006ef13816b95ade6768b040d36ca58e0ac95bc60a096d,5aff88047178e1ae1be3ea033e6980b0eb3fad19d4fee384e00efa4eb1de09b7,1743281133,386038124,1262605836,010,010,110,100,000,111,010,110,000,011,000,true
890023,0000000000000000000044aac1cb3d9d49f57a85b0a42793466241f93c766453,00c053279386c87ebad2d002b88515131afebb7fa743a27c335e010000000000000000005c6800897751281fc80aec660d97727d5245e996cbebb4f24e7f4bd84545f2dd7e5de8676c7902176a2454dc,659800064,000000000000000000015e337ca243a77fbbfe1a131585b802d0d2ba7ec88693,ddf24545d84b7f4ef2b4ebcb96e945527d72970d66ec0ac81f2851778900685c,1743281534,386038124,3696501866,110,111,000,101,010,000,100,100,011,010,010,true
890024,00000000000000000001828ca97b78aa2644c6ff84d70dfd4073701daaf2a343,008051315364763cf94162469327a4b0857af5499d3dcbc1aa44000000000000000000006ae38be9a05f90a2e6efdb3bbb91e7e25088371c2f634c59197322c6ab907f647f62e8676c79021747c1b322,827424768,0000000000000000000044aac1cb3d9d49f57a85b0a42793466241f93c766453,647f90abc6227319594c632f1c378850e2e791bb3bdbefe6a2905fa0e98be36a,1743282815,386038124,582205767,001,000,101,011,001,111,000,001,010,001,011,true
890025,0000000000000000000125548bc956081febbdc9cd87d905edbde16f42700217,0080882843a3f2aa1d707340fd0dd784ffc64426aa787ba98c820100000000000000000058cb0c5a4ec7689fb96cfac9330710806e9f4b2660a9ae607de82a46de8ad45c9d62e8676c7902175080a39c,680034304,00000000000000000001828ca97b78aa2644c6ff84d70dfd4073701daaf2a343,5cd48ade462ae87d60aea960264b9f6e80100733c9fa6cb99f68c74e5a0ccb58,1743282845,386038124,2627960912,100,111,001,010,001,110,000,000,010,100,000,true
890026,0000000000000000000083043ac9b894b4faa5a62ec277d1aad50c8426753b61,00000020170270426fe1bded05d987cdc9bdeb1f0856c98b54250100000000000000000086bbf60cde0f6ca809b195013151c931ec4d0236ac6bdbe0999d8c8c507813d7e46be8676c7902179014f884,536870912,0000000000000000000125548bc956081febbdc9cd87d905edbde16f42700217,d71378508c8c9d99e0db6bac36024dec31c951310195b109a86c0fde0cf6bb86,1743285220,386038124,2230850704,100,001,001,111,100,000,010,100,100,100,000,true
890027,00000000000000000001048e7ea9bb6da24f759d4a410f495e2dc2547e60f4aa,00e00020613b7526840cd5aad177c22ea6a5fab494b8c93a0483000000000000000000009839652d28f1bca1721242845ed93ae740a3ac4b9a7e7762af90e10847f7a50bf66ce8676c7902172c9e0f37,536928256,0000000000000000000083043ac9b894b4faa5a62ec277d1aad50c8426753b61,0ba5f74708e190af62777e9a4baca340e73ad95e84421272a1bcf1282d653998,1743285494,386038124,923770412,001,101,110,000,111,110,011,110,001,011,000,true
890028,000000000000000000004de1a89ae8a0633ecb505fc5da8da1867ae193216225,00008020aaf4607e54c22d5e490f414a9d754fa26dbba97e8e0401000000000000000000d047f5656fe2d1041b4daac8f0e5fa27b374838a72cc2155b3ca815c691f614c2c6ee8676c7902171b38dee7,545259520,00000000000000000001048e7ea9bb6da24f759d4a410f495e2dc2547e60f4aa,4c611f695c81cab35521cc728a8374b327fae5f0c8aa4d1b04d1e26f65f547d0,1743285804,386038124,3890100251,111,001,111,101,111,000,111,000,000,110,011,true
890029,00000000000000000000e8795711542794e580af85a21dc55a3a1cbfb9b14e2f,00e0f22225622193e17a86a18ddac55f50cb3e63a0e89aa8e14d00000000000000000000e80fef96b47392b990a99e09843bf48c3310354b4948b5a4d3d4a54ec6732b25856fe8676c790217c752a4f7,586342400,000000000000000000004de1a89ae8a0633ecb505fc5da8da1867ae193216225,252b73c64ea5d4d3a4b548494b3510338cf43b84099ea990b99273b496ef0fe8,1743286149,386038124,4154741447,111,101,111,010,010,001,010,010,110,001,011,true
890030,00000000000000000002570723f468d75835ca4ca703df4e2849e2dc323c19fd,00808a232f4eb1b9bf1c3a5ac51da285af80e5942754115779e800000000000000000000b889e1d09e6c071917ea3e3e2d6971250a36877c1f65f8278bb6aa92fad500ca2172e8676c79021734e82728,596279296,00000000000000000000e8795711542794e580af85a21dc55a3a1cbfb9b14e2f,ca00d5fa92aab68b27f8651f7c87360a2571692d3e3eea1719076c9ed0e189b8,1743286817,386038124,673703988,001,010,000,010,011,111,101,000,001,101,000,true
890031,000000000000000000022aeb94fc1bd626ce5fb473782bd989bfd7102f02040a,00000036fd193c32dce249284edf03a74cca3558d768f42307570200000000000000000056cb8a006ad879a96c06a2484026b5e96c50479407e2c5a17059f9914264f3e63672e8676c790217e000fa8a,905969664,00000000000000000002570723f468d75835ca4ca703df4e2849e2dc323c19fd,e6f3644291f95970a1c5e2079447506ce9b5264048a2066ca979d86a008acb56,1743286838,386038124,2331640032,100,010,101,111,101,000,000,000,111,000,000,true
890032,00000000000000000001023e3a89594d2966de379104ae769218ac8bc9372f6d,008000200a04022f10d7bf89d92b7873b45fce26d61bfc94eb2a020000000000000000006ce3d1d315a193d9b9269a9ad8b951d8f484b9364423274a8b475fc18167a7d0ef76e8676c790217d9368408,536903680,000000000000000000022aeb94fc1bd626ce5fb473782bd989bfd7102f02040a,d0a76781c15f478b4a27234436b984f4d851b9d89a9a26b9d993a115d3d1e36c,1743288047,386038124,142882521,000,010,001,000,010,000,110,110,110,110,001,true
890033,0000000000000000000126bd18df728122cd25951a5b990dad6f2a6b336d4ca0,0060d7276d2f37c98bac189276ae049137de66294d59893a3e020100000000000000000044553ca6565e5d89eb3f228d377e5598fff0fac99dd0b8c31e95ac4691d53368817ae8676c790217353620fb,668426240,00000000000000000001023e3a89594d2966de379104ae769218ac8bc9372f6d,6833d59146ac951ec3b8d09dc9faf0ff98557e378d223feb895d5e56a63c5544,1743288961,386038124,4213192245,111,110,110,010,000,000,110,110,001,101,001,true
890034,000000000000000000020d14ee5550d62e5c5cd57210521679fb23ea34688a42,0060232ca04c6d336b2a6fad0d995b1a9525cd228172df18bd26010000000000000000006a5d50e72e1d28b40fe6db888aa3c76a57b43070b2e40cd8538b1b19e02a1b4cb67ae8676c7902177ad00718,740515840,0000000000000000000126bd18df728122cd25951a5b990dad6f2a6b336d4ca0,4c1b2ae0191b8b53d80ce4b27030b4576ac7a38a88dbe60fb4281d2ee7505d6a,1743289014,386038124,403165306,000,110,000,000,011,111,010,000,011,110,010,true
890035,00000000000000000001e8f57cdb6cf22196a445ed091ddfd7d545a981ab7039,0000cf23428a6834ea23fb7916521072d55c5c2ed65055ee140d0200000000000000000085148f67275363ca59085e30944d742958d3935bf381c3f328cfc462a4eda3bcac7fe8676c7902170a11e3fc,600768512,000000000000000000020d14ee5550d62e5c5cd57210521679fb23ea34688a42,bca3eda462c4cf28f3c381f35b93d35829744d94305e0859ca635327678f1485,1743290284,386038124,4242739466,111,111,001,110,001,100,010,001,000,010,010,true
890036,000000000000000000004ea01db53c52c60bac23b589da3af431dc27386e28bb,00e0b6323970ab81a945d5d7df1d09ed45a49621f26cdb7cf5e801000000000000000000acc420c0576459cf8849dbc1275c19eba8cf42961e03530375e759e04240efb95380e8676c7902173cd6dfb7,850845696,00000000000000000001e8f57cdb6cf22196a445ed091ddfd7d545a981ab7039,b9ef4042e059e7750353031e9642cfa8eb195c27c1db4988cf596457c020c4ac,1743290451,386038124,3084899900,101,101,111,101,111,111,010,110,001,111,000,true
890037,0000000000000000000256fcd204d44e30d671576f2ddbc6f66efcb33dd0da7d,0000c020bb286e3827dc31f43ada89b523ac0bc6523cb51da04e0000000000000000000087414292f09d0e725a8d4abf46f90ca1d5e76c84df73ff8029df057c77b23c470d84e8676c790217cec1a3eb,549453824,000000000000000000004ea01db53c52c60bac23b589da3af431dc27386e28bb,473cb2777c05df2980ff73df846ce7d5a10cf946bf4a8d5a720e9df092424187,1743291405,386038124,3953377742,111,010,111,010,001,111,000,001,110,011,010,true
890038,000000000000000000013a074a41306abc3b4308713c8553abb02fa10d2bd1e9,00000d237ddad03db3fc6ef6c6db2d6f5771d6304ed404d2fc5602000000000000000000fbef4398b0a860521ce17185eecd3f2e22d11d198fe728c7318bb0107d4aa504b885e8676c79021726fdbeae,588054528,0000000000000000000256fcd204d44e30d671576f2ddbc6f66efcb33dd0da7d,04a54a7d10b08b31c728e78f191dd1222e3fcdee8571e11c5260a8b09843effb,1743291832,386038124,2931752230,101,011,101,011,111,011,111,101,001,001,010,true
890039,00000000000000000001baaee89e7e5b944188f01327ed36ca5adbf323502b92,00800a39e9d12b0da12fb0ab53853c7108433bbc6a30414a073a010000000000000000003742712ba207594494e36c5fbdda91a35dcf1ab466070db3e577556c1b5093d57a89e8676c79021764080928,956989440,000000000000000000013a074a41306abc3b4308713c8553abb02fa10d2bd1e9,d593501b6c5577e5b30d0766b41acf5da391dabd5f6ce394445907a22b714237,1743292794,386038124,671680612,001,010,000,000,100,100,001,000,011,001,000,true
890040,000000000000000000009e59c8c03ec146acfbd3bec6f62ae3e09c18de98c485,0080df20922b5023f3db5aca36ed2713f08841945b7e9ee8aeba0100000000000000000005c04f42163861eab95f80ad01539a7cf4c666b015c508276ef9b2609dd954692d8ce8676c790217c68346e6,551518208,00000000000000000001baaee89e7e5b944188f01327ed36ca5adbf323502b92,6954d99d60b2f96e2708c515b066c6f47c9a5301ad805fb9ea613816424fc005,1743293485,386038124,3863380934,111,001,100,100,011,010,000,011,110,001,010,true
890041,0000000000000000000246a956cb1ee9015cc93145903aadc5237bc88ab67140,0040bc2585c498de189ce0e32af6c6bed3fbac46c13ec0c8599e00000000000000000000394b68169b40e9b1380b19c2fe0809636b1d5684807305c3e560780c430012dce58ce8676c79021758e3ce0b,633094144,000000000000000000009e59c8c03ec146acfbd3bec6f62ae3e09c18de98c485,dc1200430c7860e5c305738084561d6b630908fec2190b38b1e9409b16684b39,1743293669,386038124,198107992,000,010,111,100,111,011,100,011,010,110,000,true
890042,000000000000000000001129cf95a71d934d858ef3c21e00ebc3cc45fa325938,00800d204071b68ac87b23c5ad3a904531c95c01e91ecb56a9460200000000000000000048861e1ad51dbe91b59548f914c6d38356fdec2d446e75358f4487eca3b8d11b6b91e8676c790217d04a8bd3,537755648,0000000000000000000246a956cb1ee9015cc93145903aadc5237bc88ab67140,1bd1b8a3ec87448f35756e442decfd5683d3c614f94895b591be1dd51a1e8648,1743294827,386038124,3549121232,110,100,111,000,101,101,001,010,110,100,000,true
890043,00000000000000000000b214d383a6ce7fc088462c3e23c6eb669ced950c1810,00a0dc2a385932fa45ccc3eb001ec2f38e854d931da795cf291100000000000000000000d41df1ef09a61f4ae5966ab687feb3d8b16b526b1989dd62a8eafb7e73bcd0bd2792e8676c7902170f2657c7,719101952,000000000000000000001129cf95a71d934d858ef3c21e00ebc3cc45fa325938,bdd0bc737efbeaa862dd89196b526bb1d8b3fe87b66a96e54a1fa609eff11dd4,1743295015,386038124,3344377359,110,001,110,101,011,100,100,110,000,011,011,true
890044,0000000000000000000217dc3cb6dcd8b6f8e6f9d0ba22e9ffe7cb5ce0737f77,00e0002010180c95ed9c66ebc6233e2c4688c07fcea683d314b2000000000000000000005832409aacebae027284c9c781dc384899315ac751ba9f8663fca66e5dd3f9aa5e95e8676c7902172eab0381,536928256,00000000000000000000b214d383a6ce7fc088462c3e23c6eb669ced950c1810,aaf9d35d6ea6fc63869fba51c75a31994838dc81c7c9847202aeebac9a403258,1743295838,386038124,2164501294,100,000,010,000,001,110,101,011,001,011,010,true
890045,000000000000000000002745e97cd32af702ad042a90277edeafcc43ed92e640,00a01820777f73e05ccbe7ffe922bad0f9e6f8b6d8dcb63cdc1702000000000000000000e3a3471ffc2a8d8eca011c2f79c0137b0024a5e0689843a89efdf8a020d965787395e8676c7902177630d6e2,538484736,0000000000000000000217dc3cb6dcd8b6f8e6f9d0ba22e9ffe7cb5ce0737f77,7865d920a0f8fd9ea8439868e0a524007b13c0792f1c01ca8e8d2afc1f47a3e3,1743295859,386038124,3805687926,111,000,101,101,011,000,110,000,011,101,010,true
890046,000000000000000000022067fda72691e8e4ee8a5613708caf8a32e6ecb0756b,00a0b82440e692ed43ccafde7e27902a04ad02f72ad37ce94527000000000000000000007529902683c1e97aee997e61ea6509bec6b628e67597af33481f98b8a864dced7995e8676c79021756127b14,616079360,000000000000000000002745e97cd32af702ad042a90277edeafcc43ed92e640,eddc64a8b8981f4833af9775e628b6c6be0965ea617e99ee7ae9c18326902975,1743295865,386038124,343609942,000,101,000,111,101,100,010,010,010,101,010,true
890047,00000000000000000000b4340d1f43a9e7c9dd8993736258b12b53757955a467,006006206b75b0ece6328aaf8c7013568aeee4e89126a7fd6720020000000000000000001bdbd7becaffa84f72721198d588367521d6393587ad27071c0277bfd9e2e3962f98e8676c79021740a861eb,537288704,000000000000000000022067fda72691e8e4ee8a5613708caf8a32e6ecb0756b,96e3e2d9bf77021c0727ad873539d621753688d5981172724fa8ffcabed7db1b,1743296559,386038124,3949045824,111,010,110,110,000,110,101,000,010,000,000,true
890048,00000000000000000001566f0c1c5da2bf923022444bf36ca58e52d2779fc125,0000272567a4557975532bb15862739389ddc9e7a9431f0d34b400000000000000000000583cfdeea6527e738176efaf435fd15cd7aa7773feb7f759ac6e05d62366b708f79ce8676c7902176527b567,623312896,00000000000000000000b4340d1f43a9e7c9dd8993736258b12b53757955a467,08b76623d6056eac59f7b7fe7377aad75cd15f43afef7681737e52a6eefd3c58,1743297783,386038124,1739925349,011,001,111,011,010,100,100,111,011,001,001,true
890049,00000000000000000001aca287db91da02ec2ae2d079dabb9461272ede6ad16e,0040022e25c19f77d2528ea56cf34b44223092bfa25d1c0c6f5601000000000000000000f28b86222c8a3927cdfdf8fec9d9144c4fc2df3463e201bd534231bdb0b81075e49de8676c790217727a8ba5,771899392,00000000000000000001566f0c1c5da2bf923022444bf36ca58e52d2779fc125,7510b8b0bd314253bd01e26334dfc24f4c14d9c9fef8fdcd27398a2c22868bf2,1743298020,386038124,2777381490,101,001,011,000,101,101,111,010,011,100,010,true
890050,000000000000000000022aab67c4f7e770a69bc3843cb8aee764c9b0d90fe60d,000000346ed16ade2e276194bbda79d0e22aec02da91db87a2ac010000000000000000002f120ce3cfcbd967105fed5835fff7e0fbe59732325b1cecc5c1cf4230dfb41104a1e8676c790217d54be29b,872415232,00000000000000000001aca287db91da02ec2ae2d079dabb9461272ede6ad16e,11b4df3042cfc1c5ec1c5b323297e5fbe0f7ff3558ed5f1067d9cbcfe30c122f,1743298820,386038124,2615299029,100,110,111,110,001,001,001,011,110,101,001,true
890051,00000000000000000000c640e57a9fb2042f715fa03789c041a553cf58b9308e,00409d200de60fd9b0c964e7aeb83c84c39ba670e7f7c467ab2a0200000000000000000088957f4c1ed5d1da45c5be60bb56984c80c396df29fb072d98fdfba857b0717054a2e8676c7902174eba15b2,547176448,000000000000000000022aab67c4f7e770a69bc3843cb8aee764c9b0d90fe60d,7071b057a8fbfd982d07fb29df96c3804c9856bb60bec545dad1d51e4c7f9588,1743299156,386038124,2987768398,101,100,100,001,010,110,111,010,010,011,010,true
890052,00000000000000000000a3e8c60315d508473ad57ed7d0114c9e5e72e5c2becc,00800c208e30b958cf53a541c08937a05f712f04b29f7ae540c6000000000000000000002f26298526e8839ece13af9358e92d13f3f14e811bd16c3b70cbf7ba6f28ffb124a3e8676c790217220ab76b,537690112,00000000000000000000c640e57a9fb2042f715fa03789c041a553cf58b9308e,b1ff286fbaf7cb703b6cd11b814ef1f3132de95893af13ce9e83e8268529262f,1743299364,386038124,1807157794,011,010,111,011,011,100,001,010,001,000,010,true
890053,0000000000000000000216ed6757f960fa00835c4fd3b3b00aff804709d127e4,00402326ccbec2e5725e9e4c11d0d77ed53a4708d51503c6e8a30000000000000000000066c3159ea3636d199f99cad0425fd92cc6005a5f079c2ce6144501cb90f65b3fe6a5e8676c790217611f0a97,639844352,00000000000000000000a3e8c60315d508473ad57ed7d0114c9e5e72e5c2becc,3f5bf690cb014514e62c9c075f5a00c62cd95f42d0ca999f196d63a39e15c366,1743300070,386038124,2534023009,100,101,110,000,101,000,011,111,011,000,001,true
890054,000000000000000000003367f1942b3cb05d28674324f46a27f98a5d294415bc,00a07824e427d1094780ff0ab0b3d34f5c8300fa60f95767ed1602000000000000000000083d31104c47d166953dea26c9a5f5ae24cdea828d6f4811d04c5c29f259e43448a9e8676c7902173332577c,611885056,0000000000000000000216ed6757f960fa00835c4fd3b3b00aff804709d127e4,34e459f2295c4cd011486f8d82eacd24aef5a5c926ea3d9566d1474c10313d08,1743300936,386038124,2086089267,011,111,000,101,011,100,110,010,001,100,011,true
890055,0000000000000000000104438e311c9bb88500c3ffc9966e448e30a89d876c63,00609224bc1544295d8af9276af4244367285db03c2b94f1673300000000000000000000e35859d12ae4b2f950cfa7673c9c5c9a51ff38f1faaa1c30aa1cf58d322a282a8eace8676c7902173de114c1,613572608,000000000000000000003367f1942b3cb05d28674324f46a27f98a5d294415bc,2a282a328df51caa301caafaf138ff519a5c9c3c67a7cf50f9b2e42ad15958e3,1743301774,386038124,3239371069,110,000,010,001,010,011,100,001,001,111,001,true
890056,00000000000000000000f75a2a3a4d83c601ebd1fd15a4722c90b46222281cb5,00602e24636c879da8308e446e96c9ffc30085b89b1c318e430401000000000000000000675368e168eeb2c022dcb817a3cf2686b6038c4981ee2b82b5a60fa410f0df21a8ade8676c7902172d40b1b7,607019008,0000000000000000000104438e311c9bb88500c3ffc9966e448e30a89d876c63,21dff010a40fa6b5822bee81498c03b68626cfa317b8dc22c0b2ee68e1685367,1743302056,386038124,3081846829,101,101,111,011,000,101,000,000,001,011,001,true
890057,000000000000000000010a4aa664e5328c95d2bdab9fce2a2283bc304b67e046,00000022b51c282262b4902c72a415fdd1eb01c6834d3a2a5af700000000000000000000081b1412da39bfbf2b4819cfb1c0b9dae8e429355588e7e6da5dc6e76f90cc99c4aee8676c7902174b8358c2,570425344,00000000000000000000f75a2a3a4d83c601ebd1fd15a4722c90b46222281cb5,99cc906fe7c65ddae6e788553529e4e8dab9c0b1cf19482bbfbf39da12141b08,1743302340,386038124,3260580683,110,000,100,101,100,010,000,011,010,010,011,true
890058,000000000000000000006d0fa6746f9fcaedc7483cdb9e6dfb4b7c364b2a02a1,0060c42846e0674b30bc83222ace9fabbdd2958c32e564a64a0a010000000000000000002b6069d16443da4f574b29a3b434564742176e5897ee0e7e15473031e0feb2f7c2afe8676c7902170f514ea5,683958272,000000000000000000010a4aa664e5328c95d2bdab9fce2a2283bc304b67e046,f7b2fee0313047157e0eee97586e1742475634b4a3294b574fda4364d169602b,1743302594,386038124,2773373199,101,001,010,100,111,001,010,001,000,011,011,true
890059,0000000000000000000196928924105dc22b1063c7e9a14131abc14204f11d8d,00602d20a1022a4b367c4bfb6d9edb3c48c7edca9f6f74a60f6d0000000000000000000007ccf757bad8088450c07da5ec226431db43d627fd88dadd09fe70369066d377b4b1e8676c790217f0f87184,539844608,000000000000000000006d0fa6746f9fcaedc7483cdb9e6dfb4b7c364b2a02a1,77d366903670fe09ddda88fd27d643db316422eca57dc0508408d8ba57f7cc07,1743303092,386038124,2222061808,100,001,000,111,000,111,111,000,111,100,000,true
890060,000000000000000000021ce534d5b36f8c04b6497b08d9ef55cf0174e6f24fe9,00209b208d1df10442c1ab3141a1e9c763102bc25d102489929601000000000000000000c40a9ed63448462edae8e6173635a5c60e2ecf7213ae6a2a5cf77b87710c2c32fdb1e8676c790217e4dd40c5,547037184,0000000000000000000196928924105dc22b1063c7e9a14131abc14204f11d8d,322c0c71877bf75c2a6aae1372cf2e0ec6a5353617e6e8da2e464834d69e0ac4,1743303165,386038124,3309362660,110,001,010,100,000,011,011,101,111,001,000,true
890061,000000000000000000022c41b8bf19607d604f9b77d0403439bbf6ee60215332,00200c20e94ff2e67401cf55efd9087b49b6048c6fb3d534e51c02000000000000000000be943bafde6102dafbcfe571f2d6ceb7c2fb7ae9e6b99c3eef49c77df99ff95b39b6e8676c7902177d188d2d,537665536,000000000000000000021ce534d5b36f8c04b6497b08d9ef55cf0174e6f24fe9,5bf99ff97dc749ef3e9cb9e6e97afbc2b7ced6f271e5cffbda0261deaf3b94be,1743304249,386038124,764221565,001,011,011,000,110,100,011,000,011,111,001,true
890062,0000000000000000000168805e65892eadec42e4dd7cd0ebfb9aec14468ccf23,00e0b22132532160eef6bb393440d0779b4f607d6019bfb8412c020000000000000000007359c3cc69c284e2d9062b1eb8bceabdd9456ff959facfefc8c13a968ed1a0b57dbce8676c790217b0ef51c2,565370880,000000000000000000022c41b8bf19607d604f9b77d0403439bbf6ee60215332,b5a0d18e963ac1c8efcffa59f96f45d9bdeabcb81e2b06d9e284c269ccc35973,1743305853,386038124,3260149680,110,000,100,101,000,111,101,111,101,100,000,true
890063,00000000000000000002725043c65cd899d17071fd6ff9609a0d76136de4e662,0000003023cf8c4614ec9afbebd07cdde442ecad2e89655e806801000000000000000000c1f66a4733ffd15fb7bad896b151a890f1a0caa9072402779deccb2d23492eb0d8bde8676c7902174fdeae3d,805306368,0000000000000000000168805e65892eadec42e4dd7cd0ebfb9aec14468ccf23,b02e49232dcbec9d77022407a9caa0f190a851b196d8bab75fd1ff33476af6c1,1743306200,386038124,1034870351,001,111,011,010,111,011,011,110,010,011,011,true
890064,0000000000000000000084bff5edd55cdf50da22b76e6b6b6819b6c612d41f11,00c0112562e6e46d13760d9a60f96ffd7170d199d85cc6435072020000000000000000009bd1f9c30184aef96d6af3eebbab5a1ea17140320bdb97f8679199d17f47991f1cbee8676c790217e1d47106,621920256,00000000000000000002725043c65cd899d17071fd6ff9609a0d76136de4e662,1f99477fd1999167f897db0b324071a11e5aabbbeef36a6df9ae8401c3f9d19b,1743306268,386038124,108123361,000,001,100,111,000,111,010,100,111,000,001,true
890065,00000000000000000000d403a897d618998263fdfa15e0e10db69964b1e2bd29,0020c32a111fd412c6b619686b6b6eb722da50df5cd5edf5bf8400000000000000000000b35a494c8655077ae5af7dacc903674c4b01e91322f8b28b33a5ed2015d40ffe4bc0e8676c790217f0ce32ea,717430784,0000000000000000000084bff5edd55cdf50da22b76e6b6b6819b6c612d41f11,fe0fd41520eda5338bb2f82213e9014b4c6703c9ac7dafe57a0755864c495ab3,1743306827,386038124,3929198320,111,010,100,011,001,011,001,110,111,100,000,true
890066,00000000000000000002614b0eab920e3440ac323a073b4c006e4c82f1ed32c9,00005f2329bde2b16499b60de1e015fafd63829918d697a803d400000000000000000000210510147a318291ec735de394c222eb8a3052f9a2c63fdb98cdc41c18956d1bc2c0e8676c7902174cbf1d06,593428480,00000000000000000000d403a897d618998263fdfa15e0e10db69964b1e2bd29,1b6d95181cc4cd98db3fc6a2f952308aeb22c294e35d73ec9182317a14100521,1743306946,386038124,102612812,000,001,100,001,110,110,111,111,010,011,000,true
890067,00000000000000000001773270b1795c6c143e59b75c6ec1a291a4a0efbbfb6a,0060d331c932edf1824c6e004c3b073a32ac40340e92ab0e4b610200000000000000000042b656948770391991bbf4051aa80e445524a0b37fbadd17fa76ee0fb6b4318e0dc2e8676c7902173f8ceaa2,835936256,00000000000000000002614b0eab920e3440ac323a073b4c006e4c82f1ed32c9,8e31b4b60fee76fa17ddba7fb3a02455440ea81a05f4bb91193970879456b642,1743307277,386038124,2733280319,101,000,101,110,101,010,001,100,001,111,011,true
890068,00000000000000000001b9a51f94f9038e0207f499d5b614d78d9e4accdad3ea,00600a206afbbbefa0a491a2c16e5cb7593e146c5c79b170327701000000000000000000dde14cc572627119f8712e5c73a28d8642da4d0275f659b43589d6f5448a5ebb65c3e8676c7902174120e05f,537550848,00000000000000000001773270b1795c6c143e59b75c6ec1a291a4a0efbbfb6a,bb5e8a44f5d68935b459f675024dda42868da2735c2e71f819716272c54ce1dd,1743307621,386038124,1608523841,010,111,111,110,000,000,100,000,010,000,001,true
890069,000000000000000000020f2488f1a22ca7ca83cffc0f4332b3dfa351e66f8a39,00808533ead3dacc4a9e8dd714b6d599f407028e03f9941fa5b901000000000000000000ceb3fc22095be4365c359415d809fdeb0388eba76f953154140b129789115a6abec3e8676c790217372cc549,864387072,00000000000000000001b9a51f94f9038e0207f499d5b614d78d9e4accdad3ea,6a5a118997120b145431956fa7eb8803ebfd09d81594355c36e45b0922fcb3ce,1743307710,386038124,1237658679,010,010,011,100,010,100,101,100,001,101,011,true
890070,0000000000000000000233963f49ec39e5cd0d1171b7f4aaba502987fffa10f8,00809521398a6fe651a3dfb332430ffccf83caa72ca2f188240f0200000000000000000053a019e2576dfab17a799825bec9342da0bb4b63c777393c46cc64b49832ca0bfac3e8676c790217137d4ba1,563445760,000000000000000000020f2488f1a22ca7ca83cffc0f4332b3dfa351e66f8a39,0bca3298b464cc463c3977c7634bbba02d34c9be2598797ab1fa6d57e219a053,1743307770,386038124,2706078995,101,000,010,100,101,101,111,101,000,100,011,true
890071,0000000000000000000124c5f241397b5a415e183b980ac4492fb962dd012754,00800020f810faff872950baaaf4b771110dcde539ec493f9633020000000000000000009dd24746d418c0e49be958774c6e9dbbb62c5231b9a442e2c7f69f6aeeb6ca9e56c8e8676c7902171d9c772b,536903680,0000000000000000000233963f49ec39e5cd0d1171b7f4aaba502987fffa10f8,9ecab6ee6a9ff6c7e242a4b931522cb6bb9d6e4c7758e99be4c018d44647d29d,1743308886,386038124,729259037,001,010,110,111,011,110,011,100,000,111,001,true
890072,00000000000000000000faeddf7777f42db09c78cf0a0a02c6f044aae12fb818,0080c422542701dd62b92f49c40a983b185e415a7b3941f2c52401000000000000000000ddcca315d447bdbfa287472b22618080996cb2d40a4c61484576d5ca9a55d80e8fcae8676c79021780034b5c,583303168,0000000000000000000124c5f241397b5a415e183b980ac4492fb962dd012754,0ed8559acad5764548614c0ad4b26c99808061222b4787a2bfbd47d415a3ccdd,1743309455,386038124,1548419968,010,111,000,100,101,100,000,011,100,000,000,true
890073,00000000000000000000fb817c1389406babbc244303d444bf1a959bda465909,0000202018b82fe1aa44f0c6020a0acf789cb02df47777dfedfa000000000000000000008bd3321c646b8ddbbfff6d28b98f2584200ca068f2657eb3e3946c5979b548ab05cee8676c7902170dc10f76,538968064,00000000000000000000faeddf7777f42db09c78cf0a0a02c6f044aae12fb818,ab48b579596c94e3b37e65f268a00c2084258fb9286dffbfdb8d6b641c32d38b,1743310341,386038124,1980743949,011,101,100,000,111,111,000,001,000,011,001,true
890074,000000000000000000001b879cb8c033b47109ce52d485cd2db9fde54bfe940b,0000002a095946da9b951abf44d4034324bcab6b4089137c81fb000000000000000000005e4eab0b72ceafc9956b21cbad67ec8af2ce7f4a37187c2325c6d16f9967740b4bd1e8676c790217d40f962e,704643072,00000000000000000000fb817c1389406babbc244303d444bf1a959bda465909,0b7467996fd1c625237c18374a7fcef28aec67adcb216b95c9afce720bab4e5e,1743311179,386038124,781586388,001,011,101,001,011,000,001,111,110,101,000,true
890075,000000000000000000022be39c7d7f990a26e899aaa9c0e40afb91469930db07,002009200b94fe4be5fdb92dcd85d452ce0971b433c0b89c871b000000000000000000002e23c2e4468450b9d3d50d0fe0f169ec4d8f0eb919c1a252faad28529f6158ac84d4e8676c7902176eb39d17,537468928,000000000000000000001b879cb8c033b47109ce52d485cd2db9fde54bfe940b,ac58619f5228adfa52a2c119b90e8f4dec69f1e00f0dd5d3b9508446e4c2232e,1743312004,386038124,396211054,000,101,111,001,110,110,110,011,011,011,010,true
890076,000000000000000000017d75067613cabe9587555ac978060f3f6affe2ec6f44,0000402007db30994691fb0ae4c0a9aa99e8260a997f7d9ce32b02000000000000000000c631e08363219420551e6202d76edd2c01c2766103d398132348e81be3c93ada10d7e8676c7902170235178a,541065216,000000000000000000022be39c7d7f990a26e899aaa9c0e40afb91469930db07,da3ac9e31be848231398d3036176c2012cdd6ed702621e552094216383e031c6,1743312656,386038124,2316776706,100,010,100,001,011,100,110,101,000,000,010,true
890077,00000000000000000002116154e048a4cf6bcccacf66e739e9ecdc209d4d3534,00000034446fece2ff6a3f0f0678c95a558795beca137606757d01000000000000000000a66139728ba42979a163b80b13b77a88c1b3039ca96e81d9878ac15726f3bced5adce8676c790217bde9f916,872415232,000000000000000000017d75067613cabe9587555ac978060f3f6affe2ec6f44,edbcf32657c18a87d9816ea99c03b3c1887ab7130bb863a17929a48b723961a6,1743314010,386038124,385477053,000,101,101,111,100,111,101,001,101,111,001,true
890078,0000000000000000000145942dbe30ce7a4f89c51b40f983e52ce51cb4b09898,0080d62234354d9d20dcece939e766cfcacc6bcfa448e05461110200000000000000000060ca0e87b13428f246bc48888ba740272bb01b109e531a56431b729ce3bff0e64edfe8676c79021779827ca3,584482816,00000000000000000002116154e048a4cf6bcccacf66e739e9ecdc209d4d3534,e6f0bfe39c721b43561a539e101bb02b2740a78b8848bc46f22834b1870eca60,1743314766,386038124,2742846073,101,000,110,111,110,010,000,010,011,110,001,true
890079,00000000000000000001fa4c19287c7afee1f37416de45d2ebd58c6ce8153417,000000389898b0b41ce52ce583f9401bc5894f7ace30be2d944501000000000000000000a52555c04949f00946b0fdc8a41ac2758342a8def4a8517b6e9c9ff0c67557d54ae2e8676c7902170eee7b26,939524096,0000000000000000000145942dbe30ce7a4f89c51b40f983e52ce51cb4b09898,d55775c6f09f9c6e7b51a8f4dea8428375c21aa4c8fdb04609f04949c05525a5,1743315530,386038124,645656078,001,001,100,111,101,111,101,110,000,011,010,true
890080,00000000000000000000a6929a72d23dc928b09facc1934d501396bdb6b2b50b,00603e37173415e86c8cd5ebd245de1674f3e1fe7a7c28194cfa010000000000000000009bcd5b8b66ad1dd74ed568c416127ba3c10927ac9bb3455be553cc374927281cafe3e8676c790217de122555,926834688,00000000000000000001fa4c19287c7afee1f37416de45d2ebd58c6ce8153417,1c28274937cc53e55b45b39bac2709c1a37b1216c468d54ed71dad668b5bcd9b,1743315887,386038124,1428493022,010,101,010,010,010,100,010,010,110,111,010,true
890081,000000000000000000015fa32a13663d0c950eb981254679ce4b7b2e9c0e9ea3,002004200bb5b2b6bd9613504d93c1ac9fb028c93dd2729a92a6000000000000000000007adc43bdf08149bd7bb6c2b5b1e0baee16d7a3010cf7d36b3ef6f9edeed86c61cae4e8676c7902172c3f16fd,537141248,00000000000000000000a6929a72d23dc928b09facc1934d501396bdb6b2b50b,616cd8eeedf9f63e6bd3f70c01a3d716eebae0b1b5c2b67bbd4981f0bd43dc7a,1743316170,386038124,4246093612,111,111,010,001,011,000,111,111,001,011,000,true
890082,0000000000000000000246dec1224ff54256863b96bd27ff986ae6e464c40f67,0020fe23a39e0e9c2e7b4bce79462581b90e950c3d66132aa35f01000000000000000000f8b4df49f5bb0df1a2d158c0f0229aa2d97c234c3410cd86634bc6a82bd9d54751e9e8676c790217427cef28,603856896,000000000000000000015fa32a13663d0c950eb981254679ce4b7b2e9c0e9ea3,47d5d92ba8c64b6386cd10344c237cd9a29a22f0c058d1a2f10dbbf549dfb4f8,1743317329,386038124,686783554,001,010,001,110,111,101,111,100,010,000,010,true
890083,0000000000000000000151b3ce3bb082502a7186583aa81c1d48f722b2b761f0,00202022670fc464e4e66a98ff27bd963b865642f54f22c1de4602000000000000000000845696b96ca2c593f396a4934642df689d9dbf25abf73120a95bbc881e9d175053eee8676c7902179c469f25,572530688,0000000000000000000246dec1224ff54256863b96bd27ff986ae6e464c40f67,50179d1e88bc5ba92031f7ab25bf9d9d68df424693a496f393c5a26cb9965684,1743318611,386038124,631195292,001,001,011,001,111,101,000,110,100,111,000,true
890084,0000000000000000000170f26fb6ce10dcf1de12adf390896e56ab9c53fe9fc1,00e00020f061b7b222f7481d1ca83a5886712a5082b03bceb351010000000000000000003c0e27780848ad96c437d035fe0de1ff1eca7b148b810a28246ed207b4229db477f0e8676c790217102c4276,536928256,0000000000000000000151b3ce3bb082502a7186583aa81c1d48f722b2b761f0,b49d22b407d26e24280a818b147bca1effe10dfe35d037c496ad480878270e3c,1743319159,386038124,1984048144,011,101,100,100,001,000,101,100,000,100,000,true
890085,00000000000000000000b8ff29470ab0bab682eba8f5005f3ec167c88150587b,0000d625c19ffe539cab566e8990f3ad12def1dc10ceb66ff270010000000000000000006e36196a5ced936f1769bc42d17237148b7c599cdedc2fc412322ea9977e2e2662f1e8676c7902177ee5565e,634781696,0000000000000000000170f26fb6ce10dcf1de12adf390896e56ab9c53fe9fc1,262e7e97a92e3212c42fdcde9c597c8b143772d142bc69176f93ed5c6a19366e,1743319394,386038124,1582753150,010,111,100,101,011,011,100,101,011,111,010,true
890086,0000000000000000000239a1e716a06c3219ae8e4c101e4ea1a6aae0af28e59a,00205b247b585081c867c13e5f00f5a8eb82b6bab00a4729ffb800000000000000000000bd396a51e1f508231b8c98049ddf94044432ffa4c143440bad4d7ca24c5c994afdf5e8676c7902170b4a42ce,609951744,00000000000000000000b8ff29470ab0bab682eba8f5005f3ec167c88150587b,4a995c4ca27c4dad0b4443c1a4ff32440494df9d04988c1b2308f5e1516a39bd,1743320573,386038124,3460450827,110,011,100,100,001,001,001,010,000,010,011,true
890087,00000000000000000000cc11bce7aae85ce3c8bd8a546b0ea91f00db0ce9e8cb,0000c0209ae528afe0aaa6a14e1e104c8eae19326ca016e7a13902000000000000000000236c861749a7194ba235a498dadfe1c73792b40b3a69d4bb3d9e517ebb842f4064f7e8676c7902173f6dae0e,549453824,0000000000000000000239a1e716a06c3219ae8e4c101e4ea1a6aae0af28e59a,402f84bb7e519e3dbbd4693a0bb49237c7e1dfda98a435a24b19a74917866c23,1743320932,386038124,246312255,000,011,101,010,111,001,101,101,001,111,011,true
890088,000000000000000000022fb32206a4064cca47984399b7fb64fa3b57103ee66e,00801e27cbe8e90cdb001fa90e6b548abdc8e35ce8aae7bc11cc00000000000000000000583b55aae704deffea131a61df1ebc9799a6c4dbe47425d7ae911cdbf7041c921effe8676c7902174b74cfaf,656310272,00000000000000000000cc11bce7aae85ce3c8bd8a546b0ea91f00db0ce9e8cb,921c04f7db1c91aed72574e4dbc4a69997bc1edf611a13eaffde04e7aa553b58,1743322910,386038124,2949608523,101,011,111,100,111,101,110,100,010,010,011,true
890089,00000000000000000001664710e997aad852bc414614c5f9e905d694c408ddaf,0040e9216ee63e10573bfa64fbb799439847ca4c06a40622b32f02000000000000000000070493f8f1921c22932437ff6bcbcb5cb41a175b27aa3d2b84df045248f1346b3704e9676c7902174c52b8b3,568934400,000000000000000000022fb32206a4064cca47984399b7fb64fa3b57103ee66e,6b34f1485204df842b3daa275b171ab45ccbcb6bff372493221c92f1f8930407,1743324215,386038124,3015201356,101,100,111,011,100,001,010,010,010,011,000,true
890090,00000000000000000000f9232f6d5f8a0185bff3eaa03e3ba35395d5e19060db,00400020afdd08c494d605e9f9c5144641bc52d8aa97e91047660100000000000000000040a653120ed62f46a8a171f5d72633c2d1a9f87bef2afb42a2559a61bd6705205a05e9676c790217af8edb31,536887296,00000000000000000001664710e997aad852bc414614c5f9e905d694c408ddaf,200567bd619a55a242fb2aef7bf8a9d1c23326d7f571a1a8462fd60e1253a640,1743324506,386038124,836472495,001,100,011,101,101,110,001,110,101,011,011,true
890091,000000000000000000002ddd3a961dcb3026801f15b1b3aaa4862e5408261204,00a07e23db6090e1d59553a33b3ea0eaf3bf85018a5f6d2f23f900000000000000000000849040d112ebb47e8c0cac0871bbd0ab853f838ddb0f79e7426dc4d11bb3eff1920ae9676c7902171f1c5599,595501056,00000000000000000000f9232f6d5f8a0185bff3eaa03e3ba35395d5e19060db,f1efb31bd1c46d42e7790fdb8d833f85abd0bb7108ac0c8c7eb4eb12d1409084,1743325842,386038124,2572491807,100,110,010,101,010,100,011,100,000,111,011,true
890092,000000000000000000013b09a8597dde5e0ea5faa4faa2d984b89e5fd013fa7f,00c04f2304122608542e86a4aab3b1151f802630cb1d963add2d00000000000000000000e4d74e6d67f05caec49e4c5b81cfc2f63975023cf07ad849a6ef7a60cbf3109c030be9676c79021734795a6e,592429056,000000000000000000002ddd3a961dcb3026801f15b1b3aaa4862e5408261204,9c10f3cb607aefa649d87af03c027539f6c2cf815b4c9ec4ae5cf0676d4ed7e4,1743325955,386038124,1851423028,011,011,100,101,101,001,111,001,001,101,000,true
890093,0000000000000000000042509cd3de710cf5a747ff7b48de4bccfa59f674ad62,00e045367ffa13d05f9eb884d9a2faa4faa50e5ede7d59a8093b0100000000000000000044e290610e25f86b4ed568ee8e7a682b55c31194003d73ddfd47e31dbea7769b1b0be9676c790217da6f2215,910548992,000000000000000000013b09a8597dde5e0ea5faa4faa2d984b89e5fd013fa7f,9b76a7be1de347fddd733d009411c3552b687a8eee68d54e6bf8250e6190e244,1743325979,386038124,354578394,000,101,010,010,001,001,101,111,110,110,010,true
890094,0000000000000000000159191186a60e22a244cbbfe32931f237943f60cb1aa6,00807c3062ad74f659facc4bde487bff47a7f50c71ded39c504200000000000000000000b3bc3de2ae78bd8040ed0e3695b4ddb52b8436d8ade49adfa489003ad5c0e899df0de9676c790217bf1e88f2,813465600,0000000000000000000042509cd3de710cf5a747ff7b48de4bccfa59f674ad62,99e8c0d53a0089a4df9ae4add836842bb5ddb495360eed4080bd78aee23dbcb3,1743326687,386038124,4069007039,111,100,101,000,100,000,011,110,101,111,011,true
890095,000000000000000000003e6e38cf21f74c2541ea940f2e29accdb7d1b49fc592,00000036a61acb603f9437f23129e3bfcb44a2220ea68611195901000000000000000000bd4c45859c6eb293789992df573040ebab1f41b890c904591cc3bec1db4f48571512e9676c7902179e985d43,905969664,0000000000000000000159191186a60e22a244cbbfe32931f237943f60cb1aa6,57484fdbc1bec31c5904c990b8411fabeb403057df92997893b26e9c85454cbd,1743327765,386038124,1130207390,010,000,110,101,110,110,011,000,100,111,010,true
890096,0000000000000000000063060bcf44152b2ea2ab118bb534ea24d4377f18dcd1,00e0ff3f92c59fb4d1b7cdac292e0f94ea41254cf721cf386e3e00000000000000000000497e4166f82cfd4ef840d650f125c8bd1ffa9c9a25082ad6d5c7c5ecc9521f64d317e9676c7902174b2ea090,1073733632,000000000000000000003e6e38cf21f74c2541ea940f2e29accdb7d1b49fc592,641f52c9ecc5c7d5d62a08259a9cfa1fbdc825f150d640f84efd2cf866417e49,1743329235,386038124,2426416715,100,100,001,010,000,000,101,110,010,010,011,true
890097,0000000000000000000196f86af2f219142d27ed84cff23ca8db94c741a3e00c,00000026d1dc187f37d424ea34b58b11aba22e2b1544cf0b066300000000000000000000962102f60f7168555bfea6ff624eeaf295085f3986e5b86b0f2e4bc9b8ffb032091ae9676c79021711c22847,637534208,0000000000000000000063060bcf44152b2ea2ab118bb534ea24d4377f18dcd1,32b0ffb8c94b2e0f6bb8e586395f0895f2ea4e62ffa6fe5b5568710ff6022196,1743329801,386038124,1193853457,010,001,110,010,100,011,000,010,000,100,001,true
890098,0000000000000000000182d9e1aeffcc1ec5a763a28d692ab49cc47fcf236da0,00c0f62e0ce0a341c794dba83cf2cf84ed272d1419f2f26af89601000000000000000000aabdb21bfb6134e0f754e9e6ba7d74d5ebac4a2bcc42b941f61fed33f0a49b2cba1be9676c7902177ed0c455,787922944,0000000000000000000196f86af2f219142d27ed84cff23ca8db94c741a3e00c,2c9ba4f033ed1ff641b942cc2b4aacebd5747dbae6e954f7e03461fb1bb2bdaa,1743330234,386038124,1438961790,010,101,011,100,010,011,010,000,011,111,010,true
890099,000000000000000000005970c3e4e354b0386695f912ee7f911072d72a789079,00000024a06d23cf7fc49cb42a698da263a7c51eccffaee1d98201000000000000000000eb1f3f9027459db70ee381f1b078a5913133728c4cb33b965eb4c5a01bf182bc351fe9676c79021783166a09,603979776,0000000000000000000182d9e1aeffcc1ec5a763a28d692ab49cc47fcf236da0,bc82f11ba0c5b45e963bb34c8c72333191a578b0f181e30eb79d4527903f1feb,1743331125,386038124,157947523,000,010,010,110,101,000,010,110,100,000,011,true
890100,000000000000000000017b1f14b098211ded87026471bb98a519215d9110e4b8,00c050257990782ad77210917fee12f9956638b054e3e4c3705900000000000000000000082eba6c6c860924f1ea5765db7a255a6ea60ae0aa8bb77f73d1a8f2eac3d8423d1fe9676c7902176c949369,626049024,000000000000000000005970c3e4e354b0386695f912ee7f911072d72a789079,42d8c3eaf2a8d1737fb78baae00aa66e5a257adb6557eaf12409866c6cba2e08,1743331133,386038124,1771279468,011,010,011,001,001,110,010,100,011,011,000,true
890101,000000000000000000022f6f73f3ab5bd108599414ded6e2b28465805377d3df,00000024b8e410915d2119a598bb71640287ed1d2198b0141f7b0100000000000000000075dec21626c9e4aa7599332cfbe10ac05995683e8c9f2f62e8d59e0d67dab6d6fc20e9676c79021768eea48d,603979776,000000000000000000017b1f14b098211ded87026471bb98a519215d9110e4b8,d6b6da670d9ed5e8622f9f8c3e689559c00ae1fb2c339975aae4c92616c2de75,1743331580,386038124,2376396392,100,011,011,010,010,011,101,110,011,010,000,true
890102,00000000000000000000398e55313e21b2b29a9c568408afddc0122b6c74422f,00a0d327dfd37753806584b2e2d6de14945908d15babf3736f2f020000000000000000000e02f5861ef742c75a32f6e72ef14b658094368c296810f251c64d9fed0bfbbd9b22e9676c79021704ac9748,668180480,000000000000000000022f6f73f3ab5bd108599414ded6e2b28465805377d3df,bdfb0bed9f4dc651f21068298c369480654bf12ee7f6325ac742f71e86f5020e,1743331995,386038124,1217899524,010,010,001,001,011,110,101,100,000,001,000,true
890103,000000000000000000001e4d78f5c579cb010f0d8a9492cbee89a966df7d4134,000000302f42746c2b12c0ddaf0884569c9ab2b2213e31558e3900000000000000000000d581ee544d73930b4cb33b4ae709f38a06a7c5eb2410681accadafded0eb0f19b222e9676c790217071e89c8,805306368,00000000000000000000398e55313e21b2b29a9c568408afddc0122b6c74422f,190febd0deafadcc1a681024ebc5a7068af309e74a3bb34c0b93734d54ee81d5,1743332018,386038124,3364429319,110,010,001,000,100,100,011,110,000,001,011,true
890104,00000000000000000001d9ed347a14eb4b524bb78717b2ff94c54d05546311d8,00408a2434417ddf66a989eecb92948a0d0f01cb79c5f5784d1e000000000000000000001710695157b49204f3774ba5c5921ff6b367d881ca206f80bec2c518983457781924e9676c79021788475100,613040128,000000000000000000001e4d78f5c579cb010f0d8a9492cbee89a966df7d4134,7857349818c5c2be806f20ca81d867b3f61f92c5a54b77f30492b45751691017,1743332377,386038124,5326728,000,000,000,101,000,101,000,111,100,010,000,true
890105,00000000000000000000f193c21a932035a365e680af74da4b3d3a9cd51de4a2,0080a320d8116354054dc594ffb21787b74b524beb147a34edd901000000000000000000bfd575c66201f116519f1727ae464c3192b710ee3c997eae008476c91327a2a40529e9676c790217d6339d89,547586048,00000000000000000001d9ed347a14eb4b524bb78717b2ff94c54d05546311d8,a4a22713c9768400ae7e993cee10b792314c46ae27179f5116f10162c675d5bf,1743333637,386038124,2308781014,100,010,011,001,110,100,110,011,110,101,010,true
890106,0000000000000000000099e500f2c25a39c45380bebdf6788b6542e8bda542aa,00e0922ea2e41dd59c3a3d4bda74af80e665a33520931ac293f100000000000000000000a6fd5b354b35aa4094e0aaf212cca336885887e7fa480b9e848b0b5918e461768b2be9676c7902173a8018a1,781377536,00000000000000000000f193c21a932035a365e680af74da4b3d3a9cd51de4a2,7661e418590b8b849e0b48fae787588836a3cc12f2aae09440aa354b355bfda6,1743334283,386038124,2702737466,101,000,010,001,100,010,000,000,001,110,010,true
890107,00000000000000000000362a1d72055578b915f653a99da326bee7c664d8b158,00608e22aa42a5bde842658b78f6bdbe8053c4395ac2f200e59900000000000000000000b246ca887e5e2e91e9d1c7d2b638b2f597c33552302ce6174a8db464a3b616ad702de9676c7902172419a646,579756032,0000000000000000000099e500f2c25a39c45380bebdf6788b6542e8bda542aa,ad16b6a364b48d4a17e62c305235c397f5b238b6d2c7d1e9912e5e7e88ca46b2,1743334768,386038124,1185290532,010,001,101,010,011,000,011,001,001,001,000,true
890108,000000000000000000010d8ab25f5a3f98c730c3e70a6265677d6ba91dc52605,00a0e22e58b1d864c6e7be26a39da953f615b9785505721d2a360000000000000000000047f299666d63f9a75fef0861aa564f4054ecfa74558208697156431b7b27a0d05430e9676c7902171d291f82,786604032,00000000000000000000362a1d72055578b915f653a99da326bee7c664d8b158,d0a0277b1b4356716908825574faec54404f56aa6108ef5fa7f9636d6699f247,1743335508,386038124,2183080221,100,000,100,001,111,100,101,001,000,111,001,true
890109,000000000000000000006f425b43c3f3238b96d7ab2addc3046e698b84db8a18,00e0ff3f0526c51da96b7d6765620ae7c330c7983f5a5fb28a0d0100000000000000000039f5d825e34758c3e14930e999bddd30383debbe05f21f1d5b35ae90b0531ad11336e9676c790217dbdcd812,1073733632,000000000000000000010d8ab25f5a3f98c730c3e70a6265677d6ba91dc52605,d11a53b090ae355b1d1ff205beeb3d3830ddbd99e93049e1c35847e325d8f539,1743336979,386038124,316202203,000,100,101,101,100,011,011,100,110,110,011,true
890110,000000000000000000026a1c197e6c734b5a754457128680891a371440da8a0b,00605c2b188adb848b696e04c3dd2aabd7968b23f3c3435b426f000000000000000000001bef58e05faab2ac11c6245135c13a5a3bbd3c8ba2db3c480a6e979cc9fffaaf1d41e9676c7902176afc6318,727474176,000000000000000000006f425b43c3f3238b96d7ab2addc3046e698b84db8a18,affaffc99c976e0a483cdba28b3cbd3b5a3ac1355124c611acb2aa5fe058ef1b,1743339805,386038124,409205866,000,110,000,110,001,111,111,100,011,010,010,true
890111,0000000000000000000185515b2e45313d8af7b46a6c5b710404077d1e00aba8,00e0f6220b8ada4014371a898086125744755a4b736c7e191c6a0200000000000000000007be69888fc94f0d71991e8f7fab6385256ec0bd8fe3193b453d4b8a86b5cef4d242e9676c7902171ead9c07,586604544,000000000000000000026a1c197e6c734b5a754457128680891a371440da8a0b,f4ceb5868a4b3d453b19e38fbdc06e258563ab7f8f1e99710d4fc98f8869be07,1743340242,386038124,127708446,000,001,111,001,110,010,101,101,000,111,010,true
890112,0000000000000000000203921fb1bf3a5f36f1fb5ddb0b3668de596abb191c0e,00a00720a8ab001e7d070404715b6c6ab4f78a3d31452e5b518501000000000000000000308be476fb8731e8d9dc8c67cd16064f90e789a6e410333dfb15618638ed8d4b654be9676c79021753433749,537370624,0000000000000000000185515b2e45313d8af7b46a6c5b710404077d1e00aba8,4b8ded38866115fb3d3310e4a689e7904f0616cd678cdcd9e83187fb76e48b30,1743342437,386038124,1228358483,010,010,010,011,011,101,000,011,010,100,011,true
890113,000000000000000000006e0964439a9b29dbdcc950b618406d0d806d2a3d3907,00c0ed220e1c19bb6a59de68360bdb5dfbf1365f3abfb11f920302000000000000000000a542ce775f7d5cb8083c492dc45ca6fd1fb8a0070958672f69398af0c7df7b8f6851e9676c790217f5460f39,586006528,0000000000000000000203921fb1bf3a5f36f1fb5ddb0b3668de596abb191c0e,8f7bdfc7f08a39692f67580907a0b81ffda65cc42d493c08b85c7d5f77ce42a5,1743343976,386038124,957302517,001,110,010,000,111,101,000,110,111,101,001,true
890114,000000000000000000025270405b306a41c808f78229cdd501cb2739b92fbd90,00205b2807393d2a6d800d6d4018b650c9dcdb299b9a4364096e000000000000000000007751aa58974fbcf9cff5225c71d7c00777129b5f855ed5b862463b5eb61dbc34be51e9676c79021775750186,677060608,000000000000000000006e0964439a9b29dbdcc950b618406d0d806d2a3d3907,34bc1db65e3b4662b8d55e855f9b127707c0d7715c22f5cff9bc4f9758aa5177,1743344062,386038124,2248242549,100,001,100,000,000,101,110,101,011,101,001,true
890115,0000000000000000000167974b5eef9ba68874d7b5b641407bc00fbbb13da409,0000d52290bd2fb93927cb01d5cd2982f708c8416a305b4070520200000000000000000085477a64fe04c83751377f4f52723b6681d2d79e79ee34655fba897829169644b35ae9676c790217e7cbc59f,584384512,000000000000000000025270405b306a41c808f78229cdd501cb2739b92fbd90,449616297889ba5f6534ee799ed7d281663b72524f7f375137c804fe647a4785,1743346355,386038124,2680540135,100,111,111,100,010,111,001,011,111,001,011,true
890116,0000000000000000000246b1178d9694b877cbd6888a63b982f0db42b50979e6,0000252209a43db1bb0fc07b4041b6b5d77488a69bef5e4b9767010000000000000000005ea06fe5d9e7ce98a06b9b02b246f167e6c036b8609b5c73d51197fcf5408839b45ce9676c790217383b8256,572850176,0000000000000000000167974b5eef9ba68874d7b5b641407bc00fbbb13da409,398840f5fc9711d5735c9b60b836c0e667f146b2029b6ba098cee7d9e56fa05e,1743346868,386038124,1451375416,010,101,101,000,001,000,111,011,001,110,000,true
890117,00000000000000000000d7c4b65c3ca688e33764cecdf163283d157aaafe7d10,0040592fe67909b542dbf082b9638a88d6cb77b894968d17b14602000000000000000000884a9a9a353ed1370b4d784ed3cdefd1a4e47253a9bc78bd447275c05b9f854e2f60e9676c7902170a20346f,794378240,0000000000000000000246b1178d9694b877cbd6888a63b982f0db42b50979e6,4e859f5bc0757244bd78bca95372e4a4d1efcdd34e784d0b37d13e359a9a4a88,1743347759,386038124,1865687050,011,011,110,011,010,000,100,000,000,010,010,true
890118,00000000000000000000ff6eb20196a0ba161b8d8316781fed0e97847c0abf6c,00c00020107dfeaa7a153d2863f1cdce6437e388a63c5cb6c4d70000000000000000000025f578ac8ae039c610c407ebcfc0ed0653a40db19441bdb7b5adad65cbadbbc18365e9676c79021787d08ebb,536920064,00000000000000000000d7c4b65c3ca688e33764cecdf163283d157aaafe7d10,c1bbadcb65adadb5b7bd4194b10da45306edc0cfeb07c410c639e08aac78f525,1743349123,386038124,3146698887,101,110,111,000,111,011,010,000,100,001,011,true
890119,00000000000000000000d7bc2bbb6c6e260250e65025c1ac199d580d7d996816,0000d6286cbf0a7c84970eed1f7816838d1b16baa09601b26eff0000000000000000000026caa37a880e385856f3bde1404212b4215af267670b2feb95996333276a9c06a465e9676c790217825f4fd8,685113344,00000000000000000000ff6eb20196a0ba161b8d8316781fed0e97847c0abf6c,069c6a2733639995eb2f0b6767f25a21b4124240e1bdf35658380e887aa3ca26,1743349156,386038124,3629080450,110,110,000,100,111,101,011,111,100,000,010,true
890120,0000000000000000000222a863b98325c71e1e15856247a23192efd8e1849f80,0080d2251668997d0d589d19acc12550e65002266e6cbb2bbcd7000000000000000000006a24897988cca905bdbccd056ec64599dc3ccb01b414f7ae7121935b506b0b0ade68e9676c7902170594b855,634552320,00000000000000000000d7bc2bbb6c6e260250e65025c1ac199d580d7d996816,0a0b6b505b932171aef714b401cb3cdc9945c66e05cdbcbd05a9cc887989246a,1743349982,386038124,1438159877,010,101,011,011,100,010,010,100,000,001,001,true
890121,000000000000000000020d87e54213dc495b4751a5205e508d046b816f133aed,0080232a809f84e1d8ef9231a2476285151e1ec72583b963a82202000000000000000000f1d7c01a0768ec1ba18a745b0d32894d1c1f95606b83a9429adc05af0656e8d6656be9676c7902174ef507e8,706969600,0000000000000000000222a863b98325c71e1e15856247a23192efd8e1849f80,d6e85606af05dc9a42a9836b60951f1c4d89320d5b748aa11bec68071ac0d7f1,1743350629,386038124,3892835662,111,010,000,000,011,111,110,101,010,011,010,true
890122,00000000000000000000df082b0c8b1c7615fccc440b7895bcd2081f4d6eb7bb,0060ab2fed3a136f816b048d505e20a551475b49dc1342e5870d0200000000000000000036a6f36633e4f9f2326a960b9479c29ac8c3ea71fae9dae66da1612c2768a909a86be9676c790217c152ce1c,799760384,000000000000000000020d87e54213dc495b4751a5205e508d046b816f133aed,09a968272c61a16de6dae9fa71eac3c89ac279940b966a32f2f9e43366f3a636,1743350696,386038124,483283649,000,111,001,100,111,001,010,010,110,000,001,true
890123,00000000000000000001fd463e1125fd67db97fd9e52cb3efe532f9b170ad658,00a02c30bbb76e4d1f08d2bc95780b44ccfc15761c8b0c2b08df0000000000000000000046b52be63378cd8f1dd8697c67028d181d3ab0dd819ef363f52a2cefffbdb81e486de9676c7902177baca4f2,808230912,00000000000000000000df082b0c8b1c7615fccc440b7895bcd2081f4d6eb7bb,1eb8bdffef2c2af563f39e81ddb03a1d188d02677c69d81d8fcd7833e62bb546,1743351112,386038124,4070878331,111,100,101,010,010,010,101,100,011,110,011,true
890124,00000000000000000000dd982c055666804c5f4821b56d362998d28fa9aad553,0040ac2858d60a179b2f53fe3ecb529efd97db67fd25113e46fd010000000000000000002ce801616f6be7bb1990c5f00bc8fcdfa8b1e5f9afd12da3eafab0a8c065412eb66ee9676c7902178ad60a1c,682377216,00000000000000000001fd463e1125fd67db97fd9e52cb3efe532f9b170ad658,2e4165c0a8b0faeaa32dd1aff9e5b1a8dffcc80bf0c59019bbe76b6f6101e82c,1743351478,386038124,470472330,000,111,000,000,101,011,010,110,100,010,010,true
890125,000000000000000000007d8f8c8a1e6fd0d47b6ef7a63ed1359f319c52edab37,0040892b53d5aaa98fd29829366db521485f4c806656052c98dd00000000000000000000e0fae481538e0352e75338359fd28d18c89d3c5e42751d63625a1fba2637a5993470e9676c790217a0b0c0a6,730415104,00000000000000000000dd982c055666804c5f4821b56d362998d28fa9aad553,99a53726ba1f5a62631d75425e3c9dc8188dd29f353853e752038e5381e4fae0,1743351860,386038124,2797645984,101,001,101,100,000,010,110,000,101,000,000,true
890126,00000000000000000000b56d31add963e0dd97c6fa24cae5895ebd49a712d4d6,0000003e37abed529c319f35d13ea6f76e7bd4d06f1e8a8c8f7d0000000000000000000079594797fd6766af129c21b3877e7612bdaef2a28481fc644e6fd08e21ae172f6a77e9676c79021784bc9531,1040187392,000000000000000000007d8f8c8a1e6fd0d47b6ef7a63ed1359f319c52edab37,2f17ae218ed06f4e64fc8184a2f2aebd12767e87b3219c12af6667fd97475979,1743353706,386038124,831896708,001,100,011,001,010,110,111,100,100,001,000,true
890127,00000000000000000002068b42384f63f88ea7d2869b8b7a657a30e0a17b352e,00401a22d6d412a749bd5e89e5ca24fac697dde063d9ad316db500000000000000000000683a1c7645a2526819f0563b10948c42eae0134954db7147963f78ba254ba6568679e9676c790217785216c1,572145664,00000000000000000000b56d31add963e0dd97c6fa24cae5895ebd49a712d4d6,56a64b25ba783f964771db544913e0ea428c94103b56f0196852a245761c3a68,1743354246,386038124,3239465592,110,000,010,001,011,001,010,010,011,110,000,true
890128,00000000000000000000e0eed1296e40c4a03cae4d30060c15e651ff2c42c945,00e001202e357ba1e0307a657a8b9b86d2a78ef8634f38428b06020000000000000000000039def288f3df3ad38b0be894c5c60136708dde3884ee12efa9f90186dd9639427ae9676c790217430889af,536993792,00000000000000000002068b42384f63f88ea7d2869b8b7a657a30e0a17b352e,3996dd8601f9a9ef12ee8438de8d703601c6c594e80b8bd33adff388f2de3900,1743354434,386038124,2944993347,101,011,111,000,100,100,001,000,010,000,011,true
890129,000000000000000000006e78f9bb5dbbb578c66abc593558888f9c51105057fa,00809f2045c9422cff51e6150c06304dae3ca0c4406e29d1eee00000000000000000000013832831927492f18f255b5dda0264e0b69b2aaf3d73681eea90ae02ece33f9b797ae9676c790217e8241c47,547323904,00000000000000000000e0eed1296e40c4a03cae4d30060c15e651ff2c42c945,9b3fe3ec02ae90ea1e68733daf2a9bb6e06402da5d5b258ff192749231288313,1743354489,386038124,1193026792,010,001,110,001,110,000,100,100,111,010,000,true
890130,00000000000000000000c2cc2b244c4ff536daefd15f4ab9febc383fb7a1934b,00807621fa575010519c8f88583559bc6ac678b5bb5dbbf9786e0000000000000000000004241eedaefa970a7a84a46011b081254085d1354419312375077923ddf46158447ce9676c7902172f0ce56a,561414144,000000000000000000006e78f9bb5dbbb578c66abc593558888f9c51105057fa,5861f4dd237907752331194435d185402581b01160a4847a0a97faaeed1e2404,1743354948,386038124,1793395759,011,010,101,110,010,100,001,100,001,011,011,true
890131,0000000000000000000165b751bab6d53b0a09c0ed198dd4ac19c3a8682ca5d3,00e0ff2f4b93a1b73f38bcfeb94a5fd1efda36f54f4c242bccc2000000000000000000000649a0ea42deb907d263fdc83c4b5bf832e2bfd64a90b21a43efd2c6c1c39b234c7ce9676c790217a92fbdd5,805298176,00000000000000000000c2cc2b244c4ff536daefd15f4ab9febc383fb7a1934b,239bc3c1c6d2ef431ab2904ad6bfe232f85b4b3cc8fd63d207b9de42eaa04906,1743354956,386038124,3585945513,110,101,011,011,110,100,101,111,101,010,001,true
890132,00000000000000000000ed8720efee00249cfd332fff00601f6c6c3c328e6279,00a00020d3a52c68a8c319acd48d19edc0090a3bd5b6ba51b76501000000000000000000398279bdcf3979afb7acee1a9ba8facee0580c808f4d1c9dda84cb7cb1c222154f7de9676c790217cbdda142,536911872,0000000000000000000165b751bab6d53b0a09c0ed198dd4ac19c3a8682ca5d3,1522c2b17ccb84da9d1c4d8f800c58e0cefaa89b1aeeacb7af7939cfbd798239,1743355215,386038124,1117904331,010,000,101,010,000,111,011,101,110,010,011,true
890133,0000000000000000000091b58fc226f000ac4836279249fc16f73111fa6a2cd6,0060232679628e323c6c6c1f6000ff2f33fd9c2400eeef2087ed000000000000000000002ad8c0201c25eaa7245a50fdcdd5405e0a1c0a4d03e4363a874b89d1603014193886e9676c7902177ed51b25,639852544,00000000000000000000ed8720efee00249cfd332fff00601f6c6c3c328e6279,19143060d1894b873a36e4034d0a1c0a5e40d5cdfd505a24a7ea251c20c0d82a,1743357496,386038124,622581118,001,001,010,001,101,111,010,101,011,111,010,true
890134,000000000000000000007f7bc5ca5392c0fadf8791323cfeb149d6e98bb61ebe,00009f29d62c6afa1131f716fc4992273648ac00f026c28fb59100000000000000000000a00a796c5f31d7ca03cd8d890820390ba14f4d5ca2647b2e5724d568768770df8389e9676c7902178317e029,698286080,0000000000000000000091b58fc226f000ac4836279249fc16f73111fa6a2cd6,df70877668d524572e7b64a25c4d4fa10b392008898dcd03cad7315f6c790aa0,1743358339,386038124,702551939,001,010,011,110,000,000,010,111,100,000,011,true
890135,00000000000000000001f07d81465d3c7bfc72aaba6979fc723009504c4e5d92,00203935be1eb68be9d649b1fe3c329187dffac09253cac57b7f00000000000000000000f6c20cb73efac471195e3e98d048642cd52cd3b4aeba485de4fddc90e48b70d0648ce9676c7902175a5c0ffd,892936192,000000000000000000007f7bc5ca5392c0fadf8791323cfeb149d6e98bb61ebe,d0708be490dcfde45d48baaeb4d32cd52c6448d0983e5e1971c4fa3eb70cc2f6,1743359076,386038124,4245642330,111,111,010,000,111,101,011,100,010,110,010,true
890136,0000000000000000000035b88ffb669fb3df37f0f411a255b092b27718301336,00800e20925d4e4c50093072fc7969baaa72fc7b3c5d46817df001000000000000000000236a9d672ec62f3c02389e1fce8bd349cde590fc3c794c2de86ef0f43263a4b6b68ce9676c7902176a92059b,537821184,00000000000000000001f07d81465d3c7bfc72aaba6979fc723009504c4e5d92,b6a46332f4f06ee82d4c793cfc90e5cd49d38bce1f9e38023c2fc62e679d6a23,1743359158,386038124,2600833642,100,110,110,000,010,110,010,010,011,010,010,true
890137,0000000000000000000165599dccbeda07f685d4ee0cebd7321cc852709d85b4,0060c4253613301877b292b055a211f4f037dfb39f66fb8fb835000000000000000000000a8e7798ce7a89aaf3afabc854c8b0f803465cb1172e01af462f18537a8edbebef8fe9676c79021775f5eae5,633626624,0000000000000000000035b88ffb669fb3df37f0f411a255b092b27718301336,ebdb8e7a53182f46af012e17b15c4603f8b0c854c8abaff3aa897ace98778e0a,1743359983,386038124,3857380725,111,001,011,110,101,011,110,101,011,101,001,true
890138,0000000000000000000136959fe09ecd077536433f4704f3ea53c8b898013dc2,00406a27b4859d7052c81c32d7eb0ceed485f607dabecc9d596501000000000000000000183985570d1775955ff877a61c3fd95035d06b21b559cafbddbd92180b06a1821d90e9676c79021766749335,661274624,0000000000000000000165599dccbeda07f685d4ee0cebd7321cc852709d85b4,82a1060b1892bdddfbca59b5216bd03550d93f1ca677f85f9575170d57853918,1743360029,386038124,898856038,001,101,011,001,001,101,110,100,011,001,010,true
890139,0000000000000000000131c264f3d134c3a2cb0d0263dfd47448611aea4189ea,00605b2bc23d0198b8c853eaf304473f43367507cd9ee09f953601000000000000000000174c129bcbae2ac5ef8f1493e91bb0c95f56dadf04da4b33ace643ad41b87fb64094e9676c79021726c0ec0c,727408640,0000000000000000000136959fe09ecd077536433f4704f3ea53c8b898013dc2,b67fb841ad43e6ac334bda04dfda565fc9b01be993148fefc52aaecb9b124c17,1743361088,386038124,216842278,000,011,001,110,110,011,000,000,001,001,010,true
890140,00000000000000000000a004a2ee760f74c8de9c70f0d99047597fbd0d8fe36f,00000020ea8941ea1a614874d4df63020dcba2c334d1f364c23101000000000000000000b39fa07ed600d443a31f0f5a143f4f3eaeb3fa73d2656bf11a3cac8103b0e3837694e9676c790217781b751b,536870912,0000000000000000000131c264f3d134c3a2cb0d0263dfd47448611aea4189ea,83e3b00381ac3c1af16b65d273fab3ae3e4f3f145a0f1fa343d400d67ea09fb3,1743361142,386038124,460659576,000,110,110,111,010,100,011,011,011,110,000,true
890141,000000000000000000025126ce7099418329b0f15771bb5adbb284b15ee2567b,000000326fe38f0dbd7f594790d9f0709cdec8740f76eea204a000000000000000000000dedc8fe536577193ccb6812539ecb6781d7329f1d88f915ba5d61d75aa714354a599e9676c7902172d11942f,838860800,00000000000000000000a004a2ee760f74c8de9c70f0d99047597fbd0d8fe36f,544371aa751dd6a55b918fd8f129731d78b6ec392581b6cc93715736e58fdcde,1743362469,386038124,798232877,001,011,111,001,010,000,010,001,001,011,001,true
890142,000000000000000000010e4b1f47c2f5590bcad24ddcf4c0c0dd75266b843729,00a033277b56e25eb184b2db5abb7157f1b02983419970ce2651020000000000000000003746e8728ff8c0ce609e12b5f81b11c7ee4c12ba664febaae9d15a0bf69d9326b599e9676c7902178486a8c0,657694720,000000000000000000025126ce7099418329b0f15771bb5adbb284b15ee2567b,26939df60b5ad1e9aaeb4f66ba124ceec7111bf8b5129e60cec0f88f72e84637,1743362485,386038124,3232269956,110,000,001,010,100,010,000,110,100,001,000,true
890143,0000000000000000000208cc71c58ddc131b7847e4344b8253f681972e14a80c,004015252937846b2675ddc0c0f4dc4dd2ca0b59f5c2471f4b0e010000000000000000001d60f206de564e0992b5d9cf1349cd9521d39ec479fb2e37cb7da04484c09a1f539be9676c790217f7babd16,622149632,000000000000000000010e4b1f47c2f5590bcad24ddcf4c0c0dd75266b843729,1f9ac08444a07dcb372efb79c49ed32195cd4913cfd9b592094e56de06f2601d,1743362899,386038124,381532919,000,101,101,011,110,110,111,010,111,101,011,true
890144,00000000000000000000a58b23cd39d02635c183a4110ff70ce1eab8e8e1884d,006002280ca8142e9781f653824b34e447781b13dc8dc571cc0802000000000000000000c1655df43b753b05873c9447bff0dd3085e7dad31929bfc30de0f58b6c06ecf5379de9676c79021764c43616,671244288,0000000000000000000208cc71c58ddc131b7847e4344b8253f681972e14a80c,f5ec066c8bf5e00dc3bf2919d3dae78530ddf0bf47943c87053b753bf45d65c1,1743363383,386038124,372687972,000,101,100,011,011,011,000,100,011,001,000,true
890145,00000000000000000001ab163ecff7cb7b630ab93b4e97afdb47f62e0244a0fb,000000204d88e1e8b8eae10cf70f11a483c13526d039cd238ba500000000000000000000546dd95f39704d52a872948da8b8628494997b97c52b00eac81f3de2bb81e1f2b59ee9676c790217474590e5,536870912,00000000000000000000a58b23cd39d02635c183a4110ff70ce1eab8e8e1884d,f2e181bbe23d1fc8ea002bc5977b99948462b8a88d9472a8524d70395fd96d54,1743363765,386038124,3851437383,111,001,011,001,000,001,000,101,010,001,011,true
890146,000000000000000000019f386606f109ec8a919512efdab29442d74d5c92fe83,0000003efba044022ef647dbaf974e3bb90a637bcbf7cf3e16ab0100000000000000000054e9f0d6bbef2f1fe44455515526fd03c11a0b60d2c6d225e5f82deba95a237d1e9fe9676c79021747526b4f,1040187392,00000000000000000001ab163ecff7cb7b630ab93b4e97afdb47f62e0244a0fb,7d235aa9eb2df8e525d2c6d2600b1ac103fd2655515544e41f2fefbbd6f0e954,1743363870,386038124,1332433479,010,011,110,110,101,101,010,010,010,001,011,true
890147,000000000000000000016ce4b921e65a9bd7b1078f24c012364dfd7ec6bb80fd,0040cc2883fe925c4dd74294b2daef1295918aec09f10666389f01000000000000000000c5bd733de16e78433d485b146b05939824fc25f0ba46394ba6a3531dac8f6569caa4e9676c79021745314729,684474368,000000000000000000019f386606f109ec8a919512efdab29442d74d5c92fe83,69658fac1d53a3a64b3946baf025fc249893056b145b483d43786ee13d73bdc5,1743365322,386038124,692531525,001,010,010,100,011,100,110,001,010,001,001,true
890148,0000000000000000000222e31e001265a2368b6603b3b7ad2cc78c3f1c580e23,0020ed21fd80bbc67efd4d3612c0248f07b1d79b5ae621b9e46c0100000000000000000044c02595034b5261983bf124133d5b16e011412e5653d1e77f52e52c59d9b9f521a7e9676c790217a7ce028d,569188352,000000000000000000016ce4b921e65a9bd7b1078f24c012364dfd7ec6bb80fd,f5b9d9592ce5527fe7d153562e4111e0165b3d1324f13b9861524b039525c044,1743365921,386038124,2365771431,100,011,010,000,001,011,001,110,101,001,011,true
890149,000000000000000000002eb574e578d31806e744cc87cb6b12c51e2061c804fc,00c00225230e581c3f8cc72cadb7b303668b36a26512001ee3220200000000000000000079f9baf90c7f966263a90b1fe11e81f6d5667412e9aabf8d19fc106d5bce9c1151abe9676c790217a67f9ccf,620937216,0000000000000000000222e31e001265a2368b6603b3b7ad2cc78c3f1c580e23,119cce5b6d10fc198dbfaae9127466d5f6811ee11f0ba96362967f0cf9baf979,1743366993,386038124,3483140006,110,011,111,001,110,001,111,111,101,001,010,true
890150,0000000000000000000094b24387438cd419a8b883d56e8edafc465caeb96560,0000ff3ffc04c861201ec5126bcb87cc44e70618d378e574b52e00000000000000000000cfae2ce6b9074d1f32c5e6974e8dfd5ead9b8cd4ce0d519e5083ec4ada674c05a1abe9676c790217f0b01658,1073676288,000000000000000000002eb574e578d31806e744cc87cb6b12c51e2061c804fc,054c67da4aec83509e510dced48c9bad5efd8d4e97e6c5321f4d07b9e62caecf,1743367073,386038124,1477882096,010,110,000,001,011,010,110,000,111,100,000,true
890151,000000000000000000008c9cb51ebf5bcd6f8ab6db379ccd1b792d2d012877bc,0040cd276065b9ae5c46fcda8e6ed583b8a819d48c438743b2940000000000000000000001b80772b8145463506945c97c3846503d2a6fc941a01d371a6114972bf166d3e7aee9676c7902170b05893e,667762688,0000000000000000000094b24387438cd419a8b883d56e8edafc465caeb96560,d366f12b9714611a371da041c96f2a3d5046387cc9456950635414b87207b801,1743367911,386038124,1049167115,001,111,101,000,100,100,000,101,000,010,011,true
890152,0000000000000000000118f1df86a984614aa089eb42d0d50f7a348d559b09c2,00004020bc7728012d2d791bcd9c37dbb68a6fcd5bbf1eb59c8c0000000000000000000084b4639ae912e492df408c548a8db935f995549d20b0e6a449413bc18ce79829c0b0e9676c790217461e7302,541065216,000000000000000000008c9cb51ebf5bcd6f8ab6db379ccd1b792d2d012877bc,2998e78cc13b4149a4e6b0209d5495f935b98d8a548c40df92e412e99a63b484,1743368384,386038124,41098822,000,000,100,111,001,100,011,110,010,001,010,true
890153,000000000000000000007cf28a1a2895727dadb1a07f5833d730bee838d11d09,00a05223c2099b558d347a0fd5d042eb89a04a6184a986dff1180100000000000000000053b1ff5d4db601224c13426ad9c08d32cb601169a0aecc6d1b64ab7714a1749461b1e9676c79021701dbcfb9,592617472,0000000000000000000118f1df86a984614aa089eb42d0d50f7a348d559b09c2,9474a11477ab641b6dccaea0691160cb328dc0d96a42134c2201b64d5dffb153,1743368545,386038124,3117406977,101,110,011,100,111,111,011,011,000,000,001,true
890154,000000000000000000002758a9cab4fab565da52e7bc7cf1fc3dc1f1cc62ee82,0060be23091dd138e8be30d733587fa0b1ad7d7295281a8af27c00000000000000000000049b131c6019380eb70bde521a79e90d82b202d6c32c11c7d639843e36b81cba02b5e9676c79021721688d67,599678976,000000000000000000007cf28a1a2895727dadb1a07f5833d730bee838d11d09,ba1cb8363e8439d6c7112cc3d602b2820de9791a52de0bb70e3819601c139b04,1743369474,386038124,1737320481,011,001,111,000,110,101,101,000,001,000,001,true
890155,000000000000000000007068b8d24d54cce2d764c884826e8298c663e3a77e04,00c0b82d82ee62ccf1c13dfcf17cbce752da65b5fab4caa9582700000000000000000000b31485e261c9e9052582bc4b3a043c47b8a0b58f0d841254e95ead39848985eb6db6e9676c7902172efeb0c5,767082496,000000000000000000002758a9cab4fab565da52e7bc7cf1fc3dc1f1cc62ee82,eb85898439ad5ee95412840d8fb5a0b8473c043a4bbc822505e9c961e28514b3,1743369837,386038124,3316710958,110,001,011,011,000,011,111,110,001,011,010,true
890156,00000000000000000000c41288aa2d35271521861239a125be05df907db94dcf,0040b421047ea7e363c698826e8284c864d7e2cc544dd2b86870000000000000000000003769e65e4a5402ebb1c010f1a26a4596410cc4d6110f8c8536359475427e385396b7e9676c7902173bdfe1c4,565460992,000000000000000000007068b8d24d54cce2d764c884826e8298c663e3a77e04,53387e4275943536858c0f11d6c40c4196456aa2f110c0b1eb02544a5ee66937,1743370134,386038124,3303137083,110,001,001,110,000,111,011,111,001,110,011,true
890157,0000000000000000000142c78599e059e8b89ee9a209e801e863b532ec6f34b0,0040c624cf4db97d90df05be25a1391286211527352daa8812c4000000000000000000002660b9e654988d9945116a108635381223ef25ec7a8a05ca6fbe2f4d89bd514066b9e9676c7902178a0f104b,616972288,00000000000000000000c41288aa2d35271521861239a125be05df907db94dcf,4051bd894d2fbe6fca058a7aec25ef2312383586106a1145998d9854e6b96026,1743370598,386038124,1259343754,010,010,110,001,000,000,001,111,100,010,010,true
890158,00000000000000000000f95a5666fd83970b44b539bd9d822d0a9ce929ff75e4,00206322b0346fec32b563e801e809a2e99eb8e859e09985c74201000000000000000000446a8872f37fa534955c1d08e7bb44af56c4fba70a573690e9567fa33be1406971b9e9676c7902174c74decd,576921600,0000000000000000000142c78599e059e8b89ee9a209e801e863b532ec6f34b0,6940e13ba37f56e99036570aa7fbc456af44bbe7081d5c9534a57ff372886a44,1743370609,386038124,3453908044,110,011,011,101,111,001,110,100,010,011,000,true
890159,00000000000000000000ab98f035e038bd7cbcde16207a4fce242713fc5a0cc3,0080372de475ff29e99c0a2d829dbd39b5440b9783fd66565af900000000000000000000870f986e88d95efaa0e5b59b40489a19ab1e412e894377a6736cacc027526bc6f6bae9676c7902170e116305,758611968,00000000000000000000f95a5666fd83970b44b539bd9d822d0a9ce929ff75e4,c66b5227c0ac6c73a67743892e411eab199a48409bb5e5a0fa5ed9886e980f87,1743370998,386038124,90378510,000,001,010,110,001,100,010,001,000,011,010,true
890160,00000000000000000000fb161adabb12c58e280ec199422e0d511d19e336274a,00c0ca29c30c5afc132724ce4f7a2016debc7cbd38e035f098ab000000000000000000003f5163206f9454988718ee1d645f814800ae7d6982bb802438b3307dc9fa207a2bbce9676c790217076f72ef,701153280,00000000000000000000ab98f035e038bd7cbcde16207a4fce242713fc5a0cc3,7a20fac97d30b3382480bb82697dae0048815f641dee18879854946f2063513f,1743371307,386038124,4017254151,111,011,110,111,001,001,101,111,000,001,011,true
890161,00000000000000000000fd587ce5d3bc0442a5bc96cca88d14f6c46c1e5d1dd4,0000003c4a2736e3191d510d2e4299c10e288ec512bbda1a16fb0000000000000000000054e65f05e4d135fcbefc54de21fa9691955c8a34bca2bb9f7819767777d0c1b816bde9676c7902178ddd579c,1006632960,00000000000000000000fb161adabb12c58e280ec199422e0d511d19e336274a,b8c1d077777619789fbba2bc348a5c959196fa21de54fcbefc35d1e4055fe654,1743371542,386038124,2623004045,100,111,000,101,011,111,011,101,100,011,001,true
890162,00000000000000000001448d6d1eda0d0ca718daaf0a1b6f890a923f247cbaa6,00004c23d41d5d1e6cc4f6148da8cc96bca54204bcd3e57c58fd0000000000000000000065e912b428f4fbbff863cf7eb7e39ebf30a251d853158a75b9602748fdca0d8b3ebfe9676c79021767d5cd00,592183296,00000000000000000000fd587ce5d3bc0442a5bc96cca88d14f6c46c1e5d1dd4,8b0dcafd482760b9758a1553d851a230bf9ee3b77ecf63f8bffbf428b412e965,1743372094,386038124,13489511,000,000,001,100,110,111,010,101,011,001,011,true
890163,00000000000000000000cab657d273f86cd7e5dde27319efc7bfcb2595fed9a2,00000520a6ba7c243f920a896f1b0aafda18a70c0dda1e6d8d44010000000000000000009d51ae7b82db09bf4b223dd9bd57420cae9493ebd955bf0b90055b464398751bbbbfe9676c7902170e89b807,537198592,00000000000000000001448d6d1eda0d0ca718daaf0a1b6f890a923f247cbaa6,1b759843465b05900bbf55d9eb9394ae0c4257bdd93d224bbf09db827bae519d,1743372219,386038124,129534222,000,001,111,011,100,010,001,001,000,011,010,true
890164,0000000000000000000197b9d8a7d387a738b04e18f93e6eea5ac7a7024dcf53,0000ff3fa2d9fe9525cbbfc7ef1973e2dde5d76cf873d257b6ca00000000000000000000ae1ef4feafec3d69ace27e9983dbc517f84191c951fd88d6084eddae3814703dcdc1e9676c790217389ce473,1073676288,00000000000000000000cab657d273f86cd7e5dde27319efc7bfcb2595fed9a2,3d701438aedd4e08d688fd51c99141f817c5db83997ee2ac693decaffef41eae,1743372749,386038124,1944362040,011,100,111,110,010,010,011,100,001,110,000,true
890165,000000000000000000018108bd142eda0d16e1f1c0ca436d838c4bfff02cd94a,0000002053cf4d02a7c75aea6e3ef9184eb038a787d3a7d8b99701000000000000000000e8d8544bed49ae94c442423cc1ae3a36e289c5ebced4f8891dba17fe854ba0864dc2e9676c790217bb9e1c86,536870912,0000000000000000000197b9d8a7d387a738b04e18f93e6eea5ac7a7024dcf53,86a04b85fe17ba1d89f8d4ceebc589e2363aaec13c4242c494ae49ed4b54d8e8,1743372877,386038124,2250022587,100,001,100,001,110,010,011,110,101,110,011,true
890166,00000000000000000000bf924014f3b55a78e74341e2c52fd8357d2769876bc5,00401e214ad92cf0ff4b8c836d43cac0f1e1160dda2e14bd088101000000000000000000e60d62f8e1d961c2ee26a250a0a6c58ee88c92cec863d82d5a8e37ebc3fb9647a7c5e9676c7902178bc40920,555630592,000000000000000000018108bd142eda0d16e1f1c0ca436d838c4bfff02cd94a,4796fbc3eb378e5a2dd863c8ce928ce88ec5a6a050a226eec261d9e1f8620de6,1743373735,386038124,537511051,001,000,000,000,100,111,000,100,100,010,011,true
890167,00000000000000000002272612589c0307124b29a453d74f7f8a417d6b856639,00c0f224c56b8769277d35d82fc5e24143e7785ab5f3144092bf000000000000000000007c46e8c523c71c5b4534b319833424b2d743a0da451f9dad71fed077b6e4046c29c8e9676c7902175f66718e,619888640,00000000000000000000bf924014f3b55a78e74341e2c52fd8357d2769876bc5,6c04e4b677d0fe71ad9d1f45daa043d7b224348319b334455b1cc723c5e8467c,1743374377,386038124,2389796447,100,011,100,111,000,101,100,110,010,111,011,true
890168,00000000000000000001c1a306bb318a4b0f935115631300d23d6fcd418b1508,00e009203966856b7d418a7f4fd753a4294b1207039c5812262702000000000000000000fb02416bce552978b4120c8d6b60d045b371d143ead4cabfe05e076ff9bb17a138c9e9676c79021752fd8b4e,537518080,00000000000000000002272612589c0307124b29a453d74f7f8a417d6b856639,a117bbf96f075ee0bfcad4ea43d171b345d0606b8d0c12b4782955ce6b4102fb,1743374648,386038124,1317797202,010,011,101,000,101,111,111,101,010,100,010,true
890169,000000000000000000006cc131a7922a49888dc752a7af3fcc2b5ff9680c6b9e,0000e72f08158b41cd6f3dd20013631551930f4b8a31bb06a3c1010000000000000000005633aabfb7f4afb2641b503b70f2f463b9f5f744d6d6211ac29a65279f37f82344c9e9676c7902175f0905b0,803667968,00000000000000000001c1a306bb318a4b0f935115631300d23d6fcd418b1508,23f8379f27659ac21a21d6d644f7f5b963f4f2703b501b64b2aff4b7bfaa3356,1743374660,386038124,2953120095,101,100,000,000,010,100,001,001,010,111,011,true
890170,0000000000000000000241fdb03465b1a545d624a1e1ea9f57e075d39d48f0e8,00e089309e6b0c68f95f2bcc3fafa752c78d88492a92a731c16c0000000000000000000013cd823097c72eab99c22b3117a99de6202333fa09da3cec98c0522b392c849728cbe9676c79021710b9f0da,814342144,000000000000000000006cc131a7922a49888dc752a7af3fcc2b5ff9680c6b9e,97842c392b52c098ec3cda09fa332320e69da917312bc299ab2ec7973082cd13,1743375144,386038124,3673209104,110,110,101,111,000,010,111,001,000,100,000,true
890171,00000000000000000000228511947df0675bafa489e727abd7aaf8b883a6a68e,00201c29e8f0489dd375e0579feae1a124d645a5b16534b0fd4102000000000000000000de5a088155cee8e9bab6f9127e8e61ee60e44af40e75d968cf131a5580fd4524b7cce9676c79021790ed7136,689709056,0000000000000000000241fdb03465b1a545d624a1e1ea9f57e075d39d48f0e8,2445fd80551a13cf68d9750ef44ae460ee618e7e12f9b6bae9e8ce5581085ade,1743375543,386038124,913436048,001,101,100,111,000,111,101,101,100,100,000,true
890172,0000000000000000000121872bfe9203d8e9c7a344cfd9717819bf6e91490f15,000000288ea6a683b8f8aad7ab27e789a4af5b67f07d941185220000000000000000000039de53fb55def2a32045f3ccf5942bd400b7ed0b5248dc2cfb0e8170f956d2345dd2e9676c7902176110aaae,671088640,00000000000000000000228511947df0675bafa489e727abd7aaf8b883a6a68e,34d256f970810efb2cdc48520bedb700d42b94f5ccf34520a3f2de55fb53de39,1743376989,386038124,2930380897,101,011,101,010,101,000,010,000,011,000,001,true
890173,000000000000000000026bf5b720edfc5d45897d8998a6775ea623d3a0c4a07e,0080702b150f49916ebf197871d9cf44a3c7e9d80392fe2b872101000000000000000000db55f474c1ad49b5a1b42380a2bf65b9f560b69b9d6e4e7c8126586704645e1f12d3e9676c7902174e84c7f6,728793088,0000000000000000000121872bfe9203d8e9c7a344cfd9717819bf6e91490f15,1f5e6404675826817c4e6e9d9bb660f5b965bfa28023b4a1b549adc174f455db,1743377170,386038124,4140270670,111,101,101,100,011,110,000,100,010,011,010,true
890174,00000000000000000001bab0a1c290248f774cc2719b5963e31340993aa18b61,0000002c7ea0c4a0d323a65e77a698897d89455dfced20b7f56b02000000000000000000fbbc539cdbf590b56e5a095fd61849dd9e2934ad1f9719a4ba5b66685c4f8430eed5e9676c79021746c01939,738197504,000000000000000000026bf5b720edfc5d45897d8998a6775ea623d3a0c4a07e,30844f5c68665bbaa419971fad34299edd4918d65f095a6eb590f5db9c53bcfb,1743377902,386038124,957988934,001,110,010,001,100,111,000,000,010,001,010,true
890175,000000000000000000003e861c01913262db33ef0afd01d242a0518a7a0dd744,00202820618ba13a994013e363599b71c24c778f2490c2a1b0ba01000000000000000000c25943cb49d24d169ccbc41320f115a538fdab7bb2ab944e1f058fd1d06fc1c638d6e9676c7902173a40b178,539500544,00000000000000000001bab0a1c290248f774cc2719b5963e31340993aa18b61,c6c16fd0d18f051f4e94abb27babfd38a515f12013c4cb9c164dd249cb4359c2,1743377976,386038124,2024882234,011,110,001,011,000,101,000,000,001,110,010,true
890176,0000000000000000000256593b8c23a0172427c355c6a0b0f1601dce56690070,0000002644d70d7a8a51a042d201fd0aef33db623291011c863e00000000000000000000494fb863b6c0df82cdad881579fe912fc243e7e2c1ba9c85f94a78cc44d4549582d8e9676c790217260c57ad,637534208,000000000000000000003e861c01913262db33ef0afd01d242a0518a7a0dd744,9554d444cc784af9859cbac1e2e743c22f91fe791588adcd82dfc0b663b84f49,1743378562,386038124,2908163110,101,011,010,101,011,100,001,100,001,001,010,true
890177,0000000000000000000197c0efef25ad8821697c302a845124214c67f3bdf7f3,00a0f72170006956ce1d60f1b0a0c655c3272417a0238c3b595602000000000000000000b81b0df1e419f8041a1715c560a7b2f1ab9cb2592dc3ac22502e7d6475165ebcd8dce9676c7902176b1d3d37,569876480,0000000000000000000256593b8c23a0172427c355c6a0b0f1601dce56690070,bc5e1675647d2e5022acc32d59b29cabf1b2a760c515171a04f819e4f10d1bb8,1743379672,386038124,926752107,001,101,110,011,110,100,011,101,011,010,011,true
890178,0000000000000000000182960f6fba6b0349dc2f7a1e6441fd006f917a0749df,00600420f3f7bdf3674c212451842a307c692188ad25efefc09701000000000000000000f4249d3430ffb8434c75523c73f34b06c220250364bef7f89a0ebf27b154334e82e4e9676c79021737c04f07,537157632,0000000000000000000197c0efef25ad8821697c302a845124214c67f3bdf7f3,4e3354b127bf0e9af8f7be64032520c2064bf3733c52754c43b8ff30349d24f4,1743381634,386038124,122667063,000,001,110,100,111,111,000,000,001,101,011,true
890179,00000000000000000001265a74818b61b5dd436a98910162ce7f89d22b6a4309,00807124df49077a916f00fd41641e7a2fdc49036bba6f0f968201000000000000000000f89e5ef86d39d6f8fb462bd6edfb418510420bf8bc7c0b141fd297085553d852a7e7e9676c7902177d4c9f12,611418112,0000000000000000000182960f6fba6b0349dc2f7a1e6441fd006f917a0749df,52d853550897d21f140b7cbcf80b42108541fbedd62b46fbf8d6396df85e9ef8,1743382439,386038124,312429693,000,100,101,001,111,101,001,100,011,111,001,true
890180,00000000000000000000beb1dbb96d808fc30d21af8c947c1c92df3f2bc83609,0040632509436a2bd2897fce620191986a43ddb5618b81745a26010000000000000000005f5e1f5feafdd17f22ea65e1893f0ebe27abb4608b6b72e2d69f402c72bd943bcfede9676c79021728de1f07,627261440,00000000000000000001265a74818b61b5dd436a98910162ce7f89d22b6a4309,3b94bd722c409fd6e2726b8b60b4ab27be0e3f89e165ea227fd1fdea5f1f5e5f,1743384015,386038124,119529000,000,001,110,001,111,111,011,110,001,010,000,true
890181,000000000000000000017628123f8fc3885f6e7515127db98a1f9c19b115df5c,0000e8260936c82b3fdf921c7c948caf210dc38f806db9dbb1be000000000000000000001d7a6a14c3cbd997adce8e9aeac205b8819d84db2a78e6c149f8637a4ed300a283eee9676c7902172e3216f2,652738560,00000000000000000000beb1dbb96d808fc30d21af8c947c1c92df3f2bc83609,a200d34e7a63f849c1e6782adb849d81b805c2ea9a8ecead97d9cbc3146a7a1d,1743384195,386038124,4061540910,111,100,100,001,011,000,110,010,001,011,010,true
890182,00000000000000000000fc83b504e49350bf6566bedc9a5e728da747c0de8770,000000265cdf15b1199c1f8ab97d1215756e5f88c38f3f12287601000000000000000000501df549bb1c3372feef4ae22a33fb113177bf1c5dede7cfd93814120578be9685efe9676c7902178b715e1b,637534208,000000000000000000017628123f8fc3885f6e7515127db98a1f9c19b115df5c,96be7805121438d9cfe7ed5d1cbf773111fb332ae24aeffe72331cbb49f51d50,1743384453,386038124,459174283,000,110,110,101,111,001,110,001,100,010,011,true
890183,00000000000000000001449d3b6459d887d757f5d577663b46acf3cbb86ed413,0000a0207087dec047a78d725e9adcbe6665bf5093e404b583fc000000000000000000008c10561ec371158c30645a7d7d5cd067cf4408575496adc9c41913007e475f7211f1e9676c7902174abd2cec,547356672,00000000000000000000fc83b504e49350bf6566bedc9a5e728da747c0de8770,725f477e001319c4c9ad9654570844cf67d05c7d7d5a64308c1571c31e56108c,1743384849,386038124,3962355018,111,011,000,010,110,010,111,101,010,010,010,true
890184,000000000000000000020aacd696a9d915a47fca276f3e26de472a91564fd95f,00c0462113d46eb8cbf3ac463b6677d5f557d787d859643b9d4401000000000000000000db3fd7cba86be4cd16b64bdf4a7ca0686546b5cebdec80ae117ab5f6ad09641136f3e9676c790217145672e4,558284800,00000000000000000001449d3b6459d887d757f5d577663b46acf3cbb86ed413,116409adf6b57a11ae80ecbdceb5466568a07c4adf4bb616cde46ba8cbd73fdb,1743385398,386038124,3832698388,111,001,000,111,001,001,010,110,000,101,000,true
890185,00000000000000000001bb42e6683559406c6cf145b817b53f7b7fd2a9fdf522,00e0ff3f5fd94f56912a47de263e6f27ca7fa415d9a996d6ac0a0200000000000000000014dcd530f01c3a7175171cfad4fdeff4365fb6b05ab07bd8f9e9e88e42322a6563f8e9676c7902179b4f0f3b,1073733632,000000000000000000020aacd696a9d915a47fca276f3e26de472a91564fd95f,652a32428ee8e9f9d87bb05ab0b65f36f4effdd4fa1c1775713a1cf030d5dc14,1743386723,386038124,990859163,001,110,110,000,111,101,001,111,100,110,011,true
890186,000000000000000000026152d0993430612441949a3bea33a29d9f69831e2bc9,0060072022f5fda9d27f7b3fb517b845f16c6c40593568e642bb01000000000000000000dcf1b86662e787755ba97aa3fbfd4532857d90b413b02513c1468ad638f8bf4c4df9e9676c79021766972472,537354240,00000000000000000001bb42e6683559406c6cf145b817b53f7b7fd2a9fdf522,4cbff838d68a46c11325b013b4907d853245fdfba37aa95b7587e76266b8f1dc,1743386957,386038124,1915000678,011,100,100,010,010,010,010,111,011,001,010,true
890187,0000000000000000000125ce419a3417d4e5f3fac319c562d5cf93757b8fa6e2,00000034c92b1e83699f9da233ea3b9a94412461303499d0526102000000000000000000d2b64d10db63eb684751318aed0dfd8b7dd500a7e39d83c1566cfafc5a5bb1ec72f9e9676c7902175a4fdb0d,872415232,000000000000000000026152d0993430612441949a3bea33a29d9f69831e2bc9,ecb15b5afcfa6c56c1839de3a700d57d8bfd0ded8a31514768eb63db104db6d2,1743386994,386038124,232476506,000,011,011,101,101,101,001,111,010,110,010,true
890188,0000000000000000000104559f54ebe87b2b05e790e4e0a2d48fa3b3f7bf7a33,0000b932e2a68f7b7593cfd562c519c3faf3e5d417349a41ce2501000000000000000000958d212199904f64d40f977a895eb10d4acb2a704d5d1a1ab657173bf97edb3171fce9676c790217cee07258,850984960,0000000000000000000125ce419a3417d4e5f3fac319c562d5cf93757b8fa6e2,31db7ef93b1757b61a1a5d4d702acb4a0db15e897a970fd4644f909921218d95,1743387761,386038124,1483923662,010,110,000,111,001,011,100,000,110,011,010,true
890189,00000000000000000000c152385e7decdb4798a80d34c9f5c519f57880f33e0e,0020a829337abff7b3a38fd4a2e0e490e7052b7be8eb549f550401000000000000000000a67a95a26e0af160369b626e8a9826356f9e1ad9029aa890ff81cab70cee445b9e03ea676c79021717eddc7c,698884096,0000000000000000000104559f54ebe87b2b05e790e4e0a2d48fa3b3f7bf7a33,5b44ee0cb7ca81ff90a89a02d91a9e6f3526988a6e629b3660f10a6ea2957aa6,1743389598,386038124,2094853399,011,111,001,101,110,011,101,101,000,101,011,true
890190,00000000000000000000bafa0313bef5268fb5bf03981acdbe6624ad972b97d0,008099210e3ef38078f519c5f5c9340da89847dbec7d5e3852c1000000000000000000002c38baaa482088ad42f96567b90cafd3074a1c66a8ca1f0129279cd4b96d8a1dba04ea676c790217cac0c69a,563707904,00000000000000000000c152385e7decdb4798a80d34c9f5c519f57880f33e0e,1d8a6db9d49c2729011fcaa8661c4a07d3af0cb96765f942ad882048aaba382c,1743389882,386038124,2596716746,100,110,101,100,011,011,000,000,110,010,010,true
890191,00000000000000000000e8c5d0de7af8a489177bf7a62d130a3a3305c383366f,00609021d0972b97ad2466becd1a9803bfb58f26f5be1303faba00000000000000000000340413904f7038782203509b225e2295a729f5ebd008bf4076f1a13bf50221e6f905ea676c79021712590dc7,563109888,00000000000000000000bafa0313bef5268fb5bf03981acdbe6624ad972b97d0,e62102f53ba1f17640bf08d0ebf529a795225e229b5003227838704f90130434,1743390201,386038124,3339540754,110,001,110,000,110,101,011,001,000,100,010,true
890192,000000000000000000018963983716c6d700be5c12273dd68427bdfbe5106ff7,0060732f6f3683c305333a0a132da6f77b1789a4f87aded0c5e800000000000000000000ded188af7de9e3236b93edf1d79872bd1719757f3aebdc48d7c793f34d791e217a07ea676c790217c34294b4,796090368,00000000000000000000e8c5d0de7af8a489177bf7a62d130a3a3305c383366f,211e794df393c7d748dceb3a7f751917bd7298d7f1ed936b23e3e97daf88d1de,1743390586,386038124,3029615299,101,101,001,001,010,001,000,010,110,000,011,true
890193,00000000000000000001a33e03b6109340b4f17bbd0700933f00b4c6ceba9527,00002020f76f10e5fbbd2784d63d27125cbe00d7c6163798638901000000000000000000b9958703333aa1797a6f3bc62bb16d1a0cf2f86f70354646c2753ec9f2d1a8e3c108ea676c7902175edf29b6,538968064,000000000000000000018963983716c6d700be5c12273dd68427bdfbe5106ff7,e3a8d1f2c93e75c2464635706ff8f20c1a6db12bc63b6f7a79a13a33038795b9,1743390913,386038124,3056197470,101,101,100,010,100,111,011,111,010,111,010,true
890194,00000000000000000001abd9464997eddd5ad95c0c30cd8967fe02c715064286,00c052222795bacec6b4003f930007bd7bf1b4409310b6033ea301000000000000000000a1cb6ae0546b6017fe0a00038c82c3f0f9653a9bf9b99fbaa5eaf5f24f48ea0ddf0aea676c7902179b943cf9,575848448,00000000000000000001a33e03b6109340b4f17bbd0700933f00b4c6ceba9527,0dea484ff2f5eaa5ba9fb9f99b3a65f9f0c3828c03000afe17606b54e06acba1,1743391455,386038124,4181496987,111,110,010,011,110,010,010,100,100,110,011,true
890195,00000000000000000000677c24200d169fea0e284ab96bcdec79394d0f7e257d,0000083086420615c702fe6789cd300c5cd95added974946d9ab0100000000000000000082b16500aee3cd4e6fdbfa300ce1ba3bee564229b67b2336cd45a273207c7d27e50dea676c790217d064e72c,805830656,00000000000000000001abd9464997eddd5ad95c0c30cd8967fe02c715064286,277d7c2073a245cd36237bb6294256ee3bbae10c30fadb6f4ecde3ae0065b182,1743392229,386038124,753362128,001,011,001,110,011,101,100,100,110,100,000,true
890196,000000000000000000025382b668e4d518795d07631f33027ccb84fcdd3d00c3,00a013237d257e0f4d3979eccd6bb94a280eea9f160d20247c6700000000000000000000298efcb77cb3d422e9c1b3aba300e1a4c5564f56c5f122ac693724954829b3b48013ea676c7902174f0299ba,588488704,00000000000000000000677c24200d169fea0e284ab96bcdec79394d0f7e257d,b4b3294895243769ac22f1c5564f56c5a4e100a3abb3c1e922d4b37cb7fc8e29,1743393664,386038124,3130589775,101,110,101,001,100,100,000,010,010,011,011,true
890197,000000000000000000017a8db52d40a5d29e36c9f06ea73193b177078d5f2a93,00001120c3003dddfc84cb7c02331f63075d7918d5e468b682530200000000000000000008b4211ce2ba505ae43f056c89e57bb103098dd78bfcead8829ba5631b8dd7966c18ea676c790217ad5ffff6,537985024,000000000000000000025382b668e4d518795d07631f33027ccb84fcdd3d00c3,96d78d1b63a59b82d8eafc8bd78d0903b17be5896c053fe45a50bae21c21b408,1743394924,386038124,4143931309,111,101,101,111,111,101,011,111,101,011,001,true
890198,00000000000000000000b22977da1a13bbbe4a4a88a9e4b500f63f6d91815fd7,00804c24932a5f8d0777b19331a76ef0c9369ed2a5402db58d7a01000000000000000000593604ca760ed653d4a4a5ea725b4b4076e55e0c9ec9564bc3704e46b8f1cde4b91aea676c79021721712754,608993280,000000000000000000017a8db52d40a5d29e36c9f06ea73193b177078d5f2a93,e4cdf1b8464e70c34b56c99e0c5ee576404b5b72eaa5a4d453d60e76ca043659,1743395513,386038124,1411871009,010,101,000,010,011,101,110,001,001,000,001,true
890199,00000000000000000000d1a868a3b9e0cfbfe88cb368cec2beca5e5ac0f7a66f,00c0db25d75f81916d3ff600b5e4a9884a4abebb131ada7729b200000000000000000000bd8e33ffc297e6b09d1c3c7098597cb4840ec4320fa40acca44a9d2fccad1915de1dea676c7902175b1d4598,635158528,00000000000000000000b22977da1a13bbbe4a4a88a9e4b500f63f6d91815fd7,1519adcc2f9d4aa4cc0aa40f32c40e84b47c5998703c1c9db0e697c2ff338ebd,1743396318,386038124,2554666331,100,110,000,100,010,100,011,101,010,110,011,true
890200,00000000000000000000531e3113b20eb9a758e66c1a0dfafe1eeb699db2f8a2,00e01e276fa6f7c05a5ecabec2ce68b38ce8bfcfe0b9a368a8d1000000000000000000000eb9730f2fdca427c353539d207b673f3213ccda0663856ccdb65d5c1256d6209c23ea676c79021776bcd921,656334848,00000000000000000000d1a868a3b9e0cfbfe88cb368cec2beca5e5ac0f7a66f,20d656125c5db6cd6c856306dacc13323f677b209d5353c327a4dc2f0f73b90e,1743397788,386038124,567917686,001,000,011,101,100,110,111,100,011,101,010,true
890201,00000000000000000001e8b18b18bbe47c9177609cb0ead651dda024feb44213,0020fe27a2f8b29d69eb1efefa0d1a6ce658a7b90eb213311e53000000000000000000001d48ff031d85b0a9d3a9ae805b85e3e6fe1c5f922a678efa892183cdc80a0d87b323ea676c7902174f92f36c,670965760,00000000000000000000531e3113b20eb9a758e66c1a0dfafe1eeb699db2f8a2,870d0ac8cd832189fa8e672a925f1cfee6e3855b80aea9d3a9b0851d03ff481d,1743397811,386038124,1827902031,011,011,001,111,001,110,010,010,010,011,011,true
890202,00000000000000000001332ca217d459da3676576b1b03ef9066c8871940ce9c,006079201342b4fe24a0dd51d6eab09c6077917ce4bb188bb1e8010000000000000000008ac43a1410e58bb1abc0bd8d2ba86a718902c47d679ea8b51369582abbd07df1f524ea676c79021719cb5871,544825344,00000000000000000001e8b18b18bbe47c9177609cb0ead651dda024feb44213,f17dd0bb2a586913b5a89e677dc40289716aa82b8dbdc0abb18be510143ac48a,1743398133,386038124,1901644569,011,100,010,101,100,011,001,011,000,110,001,true
890203,0000000000000000000142c714ae85f56e8dbae8081b6d88ba64c13bdd7d2bf1,00800f2d9cce401987c86690ef031b6b577636da59d417a22c3301000000000000000000e98539704a55c16c24344127bd0139d346cd83d6185b29d487444d4a55d01f594125ea676c7902173b01d4ee,755990528,00000000000000000001332ca217d459da3676576b1b03ef9066c8871940ce9c,591fd0554a4d4487d4295b18d683cd46d33901bd274134246cc1554a703985e9,1743398209,386038124,4006871355,111,011,101,101,010,000,000,001,001,110,011,true
890204,00000000000000000000879ab46caee39007483690298002c9bfe59343fea429,00a0a128f12b7ddd3bc164ba886d1b08e8ba8d6ef585ae14c742010000000000000000005483fb92a6d7b77d731a68ef8b261d44823261cff2ecc8a95cd00beefc089a45d128ea676c79021779103d83,681680896,0000000000000000000142c714ae85f56e8dbae8081b6d88ba64c13bdd7d2bf1,459a08fcee0bd05ca9c8ecf2cf613282441d268bef681a737db7d7a692fb8354,1743399121,386038124,2201817209,100,000,110,011,110,100,010,000,011,110,001,true
890205,00000000000000000000fd3a65f7021dc3e088a5e98f41c0bc2234b299a441c7,0000003829a4fe4393e5bfc90280299036480790e3ae6cb49a8700000000000000000000a30d9359bfc3748852014e1a223f1e1515e1ae2da849ffd0abbeebd7942f01d8e628ea676c790217870b53ab,939524096,00000000000000000000879ab46caee39007483690298002c9bfe59343fea429,d8012f94d7ebbeabd0ff49a82daee115151e3f221a4e01528874c3bf59930da3,1743399142,386038124,2874346375,101,010,110,101,001,100,001,011,100,001,011,true
890206,000000000000000000002ebe92b29e6148cb617b585b616643ffa2697e619285,00200d20c741a499b23422bcc0418fe9a588e0c31d02f7653afd000000000000000000000f4e019b160aa33e4d9ee7ea4338e1b088b5843efc14b7c6a985d6bcaf8386766e29ea676c79021784d2e038,537731072,00000000000000000000fd3a65f7021dc3e088a5e98f41c0bc2234b299a441c7,768683afbcd685a9c6b714fc3e84b588b0e13843eae79e4d3ea30a169b014e0f,1743399278,386038124,954258052,001,110,001,110,000,011,010,010,100,001,000,true
890207,00000000000000000000489becc5094965d8ddec5990312faaa9e31d51bcdf4e,000000208592617e69a2ff4366615b587b61cb48619eb292be2e000000000000000000003050dfd6bfcf53bbdb843826d974974d3a3877280f2f2a77ea3d812e88113592562dea676c7902179308cf02,536870912,000000000000000000002ebe92b29e6148cb617b585b616643ffa2697e619285,923511882e813dea772a2f0f2877383a4d9774d9263884dbbb53cfbfd6df5030,1743400278,386038124,47122579,000,000,101,100,111,100,001,000,100,100,011,true
890208,000000000000000000000389829b61663a3ff021378a0c3440848effb1f17ad4,00c06d214edfbc511de3a9aa2f319059ecddd8654909c5ec9b48000000000000000000001cda5e34687ef0fdae75c046af0293d70d476446417ae834c3a9b2d5ff0eab38782fea676c790217cac4c5f5,560840704,00000000000000000000489becc5094965d8ddec5990312faaa9e31d51bcdf4e,38ab0effd5b2a9c334e87a414664470dd79302af46c075aefdf07e68345eda1c,1743400824,386038124,4123378890,111,101,011,100,010,111,000,100,110,010,010,true
890209,00000000000000000000c26a9779d8b4e071a3a01296fcbd7ddff7f01028ed50,00000028d47af1b1ff8e8440340c8a3721f03f3a66619b82890300000000000000000000f8b4bb8245579b6f8b131b41425b2485dbf238ea94c5d5306131d155eb575c22ea31ea676c790217f81f2808,671088640,000000000000000000000389829b61663a3ff021378a0c3440848effb1f17ad4,225c57eb55d1316130d5c594ea38f2db85245b42411b138b6f9b574582bbb4f8,1743401450,386038124,136847352,000,010,000,010,100,000,011,111,111,110,000,true
890210,000000000000000000003bbb41dfe7a37c0919864a701b1488d4886794991580,00803e2850ed2810f0f7df7dbdfc9612a0a371e0b4d879976ac200000000000000000000b57e4eda7f8377c0266b120038cc65d8a954322b92c4f9b53d1cca6ffa04c6099535ea676c790217498c8cc8,675184640,00000000000000000000c26a9779d8b4e071a3a01296fcbd7ddff7f01028ed50,09c604fa6fca1c3db5f9c4922b3254a9d865cc3800126b26c077837fda4e7eb5,1743402389,386038124,3364654153,110,010,001,000,110,010,001,100,010,010,001,true
890211,000000000000000000017b28970ed81e10a78e7a2ec8c6cb7f95d53e04a13f0a,00807120801599946788d488141b704a8619097ca3e7df41bb3b0000000000000000000057d35e17c078d837e2340104991a126034b3e25e877b7a78f8d4ea22d3c33f8ff135ea676c7902176b26198f,544309248,000000000000000000003bbb41dfe7a37c0919864a701b1488d4886794991580,8f3fc3d322ead4f8787a7b875ee2b33460121a99040134e237d878c0175ed357,1743402481,386038124,2400790123,100,011,110,001,100,100,100,110,011,010,011,true
890212,00000000000000000000b5f03d4a0e622d62f2c291df18fb2e6d1d20a16b1b7b,000000280a3fa1043ed5957fcbc6c82e7a8ea7101ed80e97287b0100000000000000000040b62baa523eb6c948a25a57f03f4fa535f5b24a96f00e39c8291258114475540037ea676c790217b59ee3c1,671088640,000000000000000000017b28970ed81e10a78e7a2ec8c6cb7f95d53e04a13f0a,54754411581229c8390ef0964ab2f535a54f3ff0575aa248c9b63e52aa2bb640,1743402752,386038124,3252919989,110,000,011,110,001,110,011,110,101,101,001,true
890213,000000000000000000007e37ae12911d0ec01dd8309da7b01834eff5903991f4,000004207b1b6ba1201d6d2efb18df91c2f2622d620e4a3df0b500000000000000000000cf55e25c26a21ad41bf97b6f86775a195fbeebcd9af0d030d28b66be8d7002608737ea676c790217aa102790,537133056,00000000000000000000b5f03d4a0e622d62f2c291df18fb2e6d1d20a16b1b7b,6002708dbe668bd230d0f09acdebbe5f195a77866f7bf91bd41aa2265ce255cf,1743402887,386038124,2418479274,100,100,000,010,011,100,010,000,101,010,010,true
890214,0000000000000000000007e2e285036dbb39315c0693c81536e0dc59382a41e8,0000002cf4913990f5ef3418b0a79d30d81dc00e1d9112ae377e000000000000000000004d0e2c159c1f9233e68f1be5d44138fc2a8e24aa22f07038ff50dc5553ac9309de38ea676c7902178cb8a8b6,738197504,000000000000000000007e37ae12911d0ec01dd8309da7b01834eff5903991f4,0993ac5355dc50ff3870f022aa248e2afc3841d4e51b8fe633921f9c152c0e4d,1743403230,386038124,3064510604,101,101,101,010,100,010,111,000,100,011,000,true
890215,000000000000000000005230ffba99fa97c7d70a65277278d57a07f503dfbbd8,00c0c22ce8412a3859dce03615c893065c3139bb6d0385e2e2070000000000000000000002e0ad209874fb192e26e7ac721c098e667aa124f0046e6b3f91cfa63cf5299c5739ea676c7902173990dbe1,750960640,0000000000000000000007e2e285036dbb39315c0693c81536e0dc59382a41e8,9c29f53ca6cf913f6b6e04f024a17a668e091c72ace7262e19fb749820ade002,1743403351,386038124,3789262905,111,000,011,101,101,110,010,000,001,110,001,true
890216,000000000000000000026efb0c9aa84b9e0eb6a0659258e51aecc6ed63f4fedf,00204b20d8bbdf03f5077ad5787227650ad7c797fa99baff30520000000000000000000054612ce06fba33a2bef61226393b7e037218b32518e83cb8d807dcd8d881bfe75b3aea676c790217b375306b,541794304,000000000000000000005230ffba99fa97c7d70a65277278d57a07f503dfbbd8,e7bf81d8d8dc07d8b83ce81825b31872037e3b392612f6bea233ba6fe02c6154,1743403611,386038124,1798337971,011,010,110,011,000,001,110,101,101,100,011,true
890217,000000000000000000018d8dd8cb43a2bdd504c681ce0a8ac11116c7a14fc048,0060b628dffef463edc6ec1ae5589265a0b60e9e4ba89a0cfb6e020000000000000000008956b9b025e119d3f988f7d0df4246ca2d7aa37eda04f0658430c1889978430d9940ea676c7902176ebe7d7c,683040768,000000000000000000026efb0c9aa84b9e0eb6a0659258e51aecc6ed63f4fedf,0d43789988c1308465f004da7ea37a2dca4642dfd0f788f9d319e125b0b95689,1743405209,386038124,2088615534,011,111,000,111,110,110,111,110,011,011,010,true
890218,00000000000000000000f8b5e98983fea1af3b4c7c0612f8fe35338c97ee2af2,0000802048c04fa1c71611c18a0ace81c604d5bda243cbd88d8d0100000000000000000043172db55aff711d2a06ed003635088fbad8de0ab3f617ffb7570ee320b676636043ea676c79021743b95c28,545259520,000000000000000000018d8dd8cb43a2bdd504c681ce0a8ac11116c7a14fc048,6376b620e30e57b7ff17f6b30aded8ba8f08353600ed062a1d71ff5ab52d1743,1743405920,386038124,677165379,001,010,000,101,110,010,111,001,010,000,011,true
890219,00000000000000000000988bc752f3d52460697c5a9a07b7c0c65043af084f65,00001c25f22aee978c3335fef812067c4c3bafa1fe8389e9b5f800000000000000000000bb3fea900e311c52f4c55edfabf1528bba9ec91fdc8dbd79a7afc4558f2e566b3748ea676c7902175f6f7b0e,622592000,00000000000000000000f8b5e98983fea1af3b4c7c0612f8fe35338c97ee2af2,6b562e8f55c4afa779bd8ddc1fc99eba8b52f1abdf5ec5f4521c310e90ea3fbb,1743407159,386038124,242970463,000,011,100,111,101,101,101,111,010,111,011,true
890220,00000000000000000000dd6c479d88a14eb04f30de2333b2d826e89e40801fb8,00202c23654f08af4350c6c0b7079a5a7c696024d5f352c78b9800000000000000000000e9da9b51b846404c9bfdef37363d073d76c96236a4ce8a40c4a5452312cc9aa68048ea676c790217581871d6,590094336,00000000000000000000988bc752f3d52460697c5a9a07b7c0c65043af084f65,a69acc122345a5c4408acea43662c9763d073d3637effd9b4c4046b8519bdae9,1743407232,386038124,3597736024,110,101,100,111,000,100,011,000,010,110,000,true
890221,0000000000000000000001b66035985ce3834557860748da4ab4bd82e8d443d8,00e0a12fb81f80409ee826d8b23323de304fb04ea1889d476cdd00000000000000000000e93225e7674a4981a2c4105513956b63165057a5b1b679122e5f2400ae4ba0087749ea676c790217466c4da8,799137792,00000000000000000000dd6c479d88a14eb04f30de2333b2d826e89e40801fb8,08a04bae00245f2e1279b6b1a5575016636b95135510c4a281494a67e72532e9,1743407479,386038124,2823646278,101,010,000,100,110,101,101,100,010,001,010,true
890222,000000000000000000004f826c4c2e338ebfdb0e037795d68b665a0cbec288e9,00e00120d843d4e882bdb44ada480786574583e35c983560b60100000000000000000000637d3f041c54ed2570bcb375437575a486b6cf668e6cd24825c8e9bc82153672f04aea676c7902174a794f74,536993792,0000000000000000000001b66035985ce3834557860748da4ab4bd82e8d443d8,72361582bce9c82548d26c8e66cfb686a475754375b3bc7025ed541c043f7d63,1743407856,386038124,1951365450,011,101,000,100,111,101,111,001,010,010,010,true
